-- --------------------------------------------------------
-- Host:                         127.0.0.1
-- Server version:               10.4.27-MariaDB - mariadb.org binary distribution
-- Server OS:                    Win64
-- HeidiSQL Version:             12.1.0.6537
-- --------------------------------------------------------

/*!40101 SET @OLD_CHARACTER_SET_CLIENT=@@CHARACTER_SET_CLIENT */
;
/*!40101 SET NAMES utf8 */
;
/*!50503 SET NAMES utf8mb4 */
;
/*!40103 SET @OLD_TIME_ZONE=@@TIME_ZONE */
;
/*!40103 SET TIME_ZONE='+00:00' */
;
/*!40014 SET @OLD_FOREIGN_KEY_CHECKS=@@FOREIGN_KEY_CHECKS, FOREIGN_KEY_CHECKS=0 */
;
/*!40101 SET @OLD_SQL_MODE=@@SQL_MODE, SQL_MODE='NO_AUTO_VALUE_ON_ZERO' */
;
/*!40111 SET @OLD_SQL_NOTES=@@SQL_NOTES, SQL_NOTES=0 */
;

-- Dumping database structure for db_burwood
DROP DATABASE IF EXISTS `db_burwood`;

CREATE DATABASE IF NOT EXISTS `db_burwood` /*!40100 DEFAULT CHARACTER SET utf8mb4 COLLATE utf8mb4_general_ci */;

USE `db_burwood`;

-- Dumping structure for table db_burwood.tb_mst_cal
DROP TABLE IF EXISTS `tb_mst_cal`;

CREATE TABLE IF NOT EXISTS `tb_mst_cal` (
    `id` char(36) NOT NULL,
    `company_id` char(36) NOT NULL,
    `tahun` int(11) DEFAULT NULL,
    `bulan` tinyint(4) DEFAULT NULL,
    `created_by` varchar(100) CHARACTER SET latin1 COLLATE latin1_swedish_ci DEFAULT NULL,
    `updated_by` varchar(100) CHARACTER SET latin1 COLLATE latin1_swedish_ci DEFAULT NULL,
    `created_at` timestamp NULL DEFAULT current_timestamp(),
    `updated_at` timestamp NULL DEFAULT current_timestamp() ON UPDATE current_timestamp(),
    PRIMARY KEY (`id`) USING BTREE,
    KEY `company_id` (`company_id`)
) ENGINE = InnoDB DEFAULT CHARSET = utf8mb4 COLLATE = utf8mb4_general_ci ROW_FORMAT = DYNAMIC COMMENT = 'kalender';

-- Dumping data for table db_burwood.tb_mst_cal: ~12 rows (approximately)
DELETE FROM `tb_mst_cal`;

INSERT INTO
    `tb_mst_cal` (
        `id`,
        `company_id`,
        `tahun`,
        `bulan`,
        `created_by`,
        `updated_by`,
        `created_at`,
        `updated_at`
    )
VALUES (
        '1708dc66-d1d3-4c00-a15c-c8041ec2a213',
        '3b6412d9-66cc-477e-a65e-148524b6eeb1',
        2024,
        2,
        'Admin',
        NULL,
        '2024-09-05 06:17:01',
        '2024-09-26 05:52:27'
    ),
    (
        '1eacfdff-a5b8-4987-85e9-a13a522b2042',
        '3b6412d9-66cc-477e-a65e-148524b6eeb1',
        2024,
        9,
        'Admin',
        NULL,
        '2024-09-05 06:17:01',
        '2024-09-26 05:52:29'
    ),
    (
        '31c28662-f811-4e77-9034-a109bb6d6774',
        '3b6412d9-66cc-477e-a65e-148524b6eeb1',
        2024,
        5,
        'Admin',
        NULL,
        '2024-09-05 06:17:01',
        '2024-09-26 05:52:30'
    ),
    (
        '38d93c22-a7e4-44bf-b227-eec29ce507a3',
        '3b6412d9-66cc-477e-a65e-148524b6eeb1',
        2024,
        4,
        'Admin',
        NULL,
        '2024-09-05 06:17:01',
        '2024-09-26 05:52:27'
    ),
    (
        '62a288fb-f48b-4651-9e92-c6ae4ea5709d',
        '3b6412d9-66cc-477e-a65e-148524b6eeb1',
        2024,
        7,
        'Admin',
        NULL,
        '2024-09-05 06:17:01',
        '2024-09-26 05:52:28'
    ),
    (
        '6f36871f-2417-488b-a530-b7991e477f7c',
        '3b6412d9-66cc-477e-a65e-148524b6eeb1',
        2024,
        8,
        'Admin',
        NULL,
        '2024-09-05 06:17:01',
        '2024-09-26 05:52:28'
    ),
    (
        '70538a19-7704-4fe0-a1e1-8ae4d317317e',
        '3b6412d9-66cc-477e-a65e-148524b6eeb1',
        2024,
        10,
        'Admin',
        NULL,
        '2024-09-05 06:17:01',
        '2024-09-26 05:52:31'
    ),
    (
        '824e2c0a-4c90-41fe-929c-012cb425b82f',
        '3b6412d9-66cc-477e-a65e-148524b6eeb1',
        2024,
        1,
        'Admin',
        NULL,
        '2024-09-05 06:17:01',
        '2024-09-26 05:52:26'
    ),
    (
        '8c8759c2-c9aa-4b1a-84d8-24d589d28215',
        '3b6412d9-66cc-477e-a65e-148524b6eeb1',
        2024,
        6,
        'Admin',
        NULL,
        '2024-09-05 06:17:01',
        '2024-09-26 05:52:30'
    ),
    (
        'ad7178c9-615a-4040-b90f-52f32381a63f',
        '3b6412d9-66cc-477e-a65e-148524b6eeb1',
        2024,
        3,
        'Admin',
        NULL,
        '2024-09-05 06:17:01',
        '2024-09-26 05:52:27'
    ),
    (
        'afaa12e1-ca88-4cfa-8a7f-cb908a20c5ed',
        '3b6412d9-66cc-477e-a65e-148524b6eeb1',
        2024,
        12,
        'Admin',
        NULL,
        '2024-09-05 06:17:01',
        '2024-09-26 05:52:32'
    ),
    (
        'ef72fffd-343d-47db-8a54-2ef24bc2ab77',
        '3b6412d9-66cc-477e-a65e-148524b6eeb1',
        2024,
        11,
        'Admin',
        NULL,
        '2024-09-05 06:17:01',
        '2024-09-26 05:52:31'
    );

-- Dumping structure for table db_burwood.tb_mst_cal_dtl
DROP TABLE IF EXISTS `tb_mst_cal_dtl`;

CREATE TABLE IF NOT EXISTS `tb_mst_cal_dtl` (
    `id` char(36) NOT NULL,
    `header_id` char(36) DEFAULT NULL,
    `tanggal` datetime DEFAULT NULL,
    `weekday` tinyint(4) DEFAULT NULL,
    `weekend` tinyint(4) DEFAULT NULL,
    `holiday` tinyint(4) DEFAULT NULL,
    `keterangan` varchar(100) DEFAULT NULL,
    `created_by` varchar(100) CHARACTER SET latin1 COLLATE latin1_swedish_ci DEFAULT NULL,
    `updated_by` varchar(100) CHARACTER SET latin1 COLLATE latin1_swedish_ci DEFAULT NULL,
    `created_at` timestamp NULL DEFAULT current_timestamp(),
    `updated_at` timestamp NULL DEFAULT current_timestamp() ON UPDATE current_timestamp(),
    PRIMARY KEY (`id`) USING BTREE,
    KEY `header_id` (`header_id`)
) ENGINE = InnoDB DEFAULT CHARSET = utf8mb4 COLLATE = utf8mb4_general_ci ROW_FORMAT = DYNAMIC COMMENT = 'tanggal operasional';

-- Dumping data for table db_burwood.tb_mst_cal_dtl: ~366 rows (approximately)
DELETE FROM `tb_mst_cal_dtl`;

INSERT INTO
    `tb_mst_cal_dtl` (
        `id`,
        `header_id`,
        `tanggal`,
        `weekday`,
        `weekend`,
        `holiday`,
        `keterangan`,
        `created_by`,
        `updated_by`,
        `created_at`,
        `updated_at`
    )
VALUES (
        '00192c7d-df41-4f36-92d2-8fb408d9d4f7',
        '8c8759c2-c9aa-4b1a-84d8-24d589d28215',
        '2024-06-28 00:00:00',
        1,
        0,
        0,
        NULL,
        'Admin',
        NULL,
        '2024-09-05 06:17:01',
        '2024-09-05 06:17:01'
    ),
    (
        '003533f8-c9d0-4b54-bb13-bc26cb13b680',
        '1708dc66-d1d3-4c00-a15c-c8041ec2a213',
        '2024-02-25 00:00:00',
        0,
        1,
        0,
        NULL,
        'Admin',
        NULL,
        '2024-09-05 06:17:01',
        '2024-09-05 06:17:01'
    ),
    (
        '008e1e27-6e95-4fd3-b74c-2a29cdf1c430',
        'ef72fffd-343d-47db-8a54-2ef24bc2ab77',
        '2024-11-24 00:00:00',
        0,
        1,
        0,
        NULL,
        'Admin',
        NULL,
        '2024-09-05 06:17:01',
        '2024-09-05 06:17:01'
    ),
    (
        '00fc0842-167f-4553-8179-34b15a3efac0',
        'ef72fffd-343d-47db-8a54-2ef24bc2ab77',
        '2024-11-21 00:00:00',
        1,
        0,
        0,
        NULL,
        'Admin',
        NULL,
        '2024-09-05 06:17:01',
        '2024-09-05 06:17:01'
    ),
    (
        '013f8c5c-1968-4c27-91a1-9bbe8634e516',
        '62a288fb-f48b-4651-9e92-c6ae4ea5709d',
        '2024-07-13 00:00:00',
        1,
        0,
        0,
        NULL,
        'Admin',
        NULL,
        '2024-09-05 06:17:01',
        '2024-09-05 06:17:01'
    ),
    (
        '01fd98cf-79cd-415f-a4b1-e5c5efef3fe4',
        '62a288fb-f48b-4651-9e92-c6ae4ea5709d',
        '2024-07-27 00:00:00',
        1,
        0,
        0,
        NULL,
        'Admin',
        NULL,
        '2024-09-05 06:17:01',
        '2024-09-05 06:17:01'
    ),
    (
        '0210ec1f-f686-4900-a0d8-142d763926f7',
        '62a288fb-f48b-4651-9e92-c6ae4ea5709d',
        '2024-07-24 00:00:00',
        1,
        0,
        0,
        NULL,
        'Admin',
        NULL,
        '2024-09-05 06:17:01',
        '2024-09-05 06:17:01'
    ),
    (
        '030cccf7-e237-4d8d-a31c-05544b84c2ea',
        '70538a19-7704-4fe0-a1e1-8ae4d317317e',
        '2024-10-17 00:00:00',
        1,
        0,
        0,
        NULL,
        'Admin',
        NULL,
        '2024-09-05 06:17:01',
        '2024-09-05 06:17:01'
    ),
    (
        '03d695c4-b72d-4a00-8845-948dcb874847',
        '824e2c0a-4c90-41fe-929c-012cb425b82f',
        '2024-01-18 00:00:00',
        1,
        0,
        0,
        NULL,
        'Admin',
        NULL,
        '2024-09-05 06:17:01',
        '2024-09-05 06:17:01'
    ),
    (
        '04590e15-86e2-43f1-817d-92aedd611794',
        'ef72fffd-343d-47db-8a54-2ef24bc2ab77',
        '2024-11-03 00:00:00',
        0,
        1,
        0,
        NULL,
        'Admin',
        NULL,
        '2024-09-05 06:17:01',
        '2024-09-05 06:17:01'
    ),
    (
        '050e25bc-c4be-4fab-86e3-1a2df03aee3d',
        'ad7178c9-615a-4040-b90f-52f32381a63f',
        '2024-03-17 00:00:00',
        0,
        1,
        0,
        NULL,
        'Admin',
        NULL,
        '2024-09-05 06:17:01',
        '2024-09-05 06:17:01'
    ),
    (
        '05251c1e-1f39-4bc2-b283-d4932d0dc943',
        '824e2c0a-4c90-41fe-929c-012cb425b82f',
        '2024-01-10 00:00:00',
        1,
        0,
        0,
        NULL,
        'Admin',
        NULL,
        '2024-09-05 06:17:01',
        '2024-09-05 06:17:01'
    ),
    (
        '05718d5d-54b7-4aa2-9b32-4cd5f76fcc36',
        'ef72fffd-343d-47db-8a54-2ef24bc2ab77',
        '2024-11-17 00:00:00',
        0,
        1,
        0,
        NULL,
        'Admin',
        NULL,
        '2024-09-05 06:17:01',
        '2024-09-05 06:17:01'
    ),
    (
        '05c14a7c-0e20-470b-8b1e-b43b5e10f1c9',
        '1eacfdff-a5b8-4987-85e9-a13a522b2042',
        '2024-09-13 00:00:00',
        1,
        0,
        0,
        NULL,
        'Admin',
        NULL,
        '2024-09-05 06:17:01',
        '2024-09-05 06:17:01'
    ),
    (
        '05c1ea1e-1db0-43ac-bb6a-fda61f818d78',
        '31c28662-f811-4e77-9034-a109bb6d6774',
        '2024-05-22 00:00:00',
        1,
        0,
        0,
        NULL,
        'Admin',
        NULL,
        '2024-09-05 06:17:01',
        '2024-09-05 06:17:01'
    ),
    (
        '05eaf467-3558-4c43-a536-ecc3ad240e47',
        'ef72fffd-343d-47db-8a54-2ef24bc2ab77',
        '2024-11-13 00:00:00',
        1,
        0,
        0,
        NULL,
        'Admin',
        NULL,
        '2024-09-05 06:17:01',
        '2024-09-05 06:17:01'
    ),
    (
        '06322305-8a4c-4d9f-a009-25b0f95f193d',
        '31c28662-f811-4e77-9034-a109bb6d6774',
        '2024-05-24 00:00:00',
        1,
        0,
        0,
        NULL,
        'Admin',
        NULL,
        '2024-09-05 06:17:01',
        '2024-09-05 06:17:01'
    ),
    (
        '07517136-6642-466a-b5d8-65f8da7fbc1d',
        'ad7178c9-615a-4040-b90f-52f32381a63f',
        '2024-03-22 00:00:00',
        1,
        0,
        0,
        NULL,
        'Admin',
        NULL,
        '2024-09-05 06:17:01',
        '2024-09-05 06:17:01'
    ),
    (
        '07f5e72a-c060-4631-9064-abb7e68e807b',
        '70538a19-7704-4fe0-a1e1-8ae4d317317e',
        '2024-10-06 00:00:00',
        0,
        1,
        0,
        NULL,
        'Admin',
        NULL,
        '2024-09-05 06:17:01',
        '2024-09-05 06:17:01'
    ),
    (
        '07fb93e5-f2ff-48d1-970e-612de7751f55',
        '824e2c0a-4c90-41fe-929c-012cb425b82f',
        '2024-01-19 00:00:00',
        1,
        0,
        0,
        NULL,
        'Admin',
        NULL,
        '2024-09-05 06:17:01',
        '2024-09-05 06:17:01'
    ),
    (
        '08fefcce-c42d-45de-b7bf-dd1185338ef6',
        '38d93c22-a7e4-44bf-b227-eec29ce507a3',
        '2024-04-04 00:00:00',
        1,
        0,
        0,
        NULL,
        'Admin',
        NULL,
        '2024-09-05 06:17:01',
        '2024-09-05 06:17:01'
    ),
    (
        '09db7767-6617-49b0-9e3d-00a239d829bc',
        '70538a19-7704-4fe0-a1e1-8ae4d317317e',
        '2024-10-07 00:00:00',
        1,
        0,
        0,
        NULL,
        'Admin',
        NULL,
        '2024-09-05 06:17:01',
        '2024-09-05 06:17:01'
    ),
    (
        '0a69916f-0c9d-4223-a56e-46b5e41d037b',
        '6f36871f-2417-488b-a530-b7991e477f7c',
        '2024-08-31 00:00:00',
        1,
        0,
        0,
        NULL,
        'Admin',
        NULL,
        '2024-09-05 06:17:01',
        '2024-09-05 06:17:01'
    ),
    (
        '0a78c6f4-823b-4634-b598-82b67ca8b824',
        '38d93c22-a7e4-44bf-b227-eec29ce507a3',
        '2024-04-29 00:00:00',
        1,
        0,
        0,
        NULL,
        'Admin',
        NULL,
        '2024-09-05 06:17:01',
        '2024-09-05 06:17:01'
    ),
    (
        '0cacad7b-41c7-409e-8dcc-f89b2c94cb3f',
        '1708dc66-d1d3-4c00-a15c-c8041ec2a213',
        '2024-02-17 00:00:00',
        1,
        0,
        0,
        NULL,
        'Admin',
        NULL,
        '2024-09-05 06:17:01',
        '2024-09-05 06:17:01'
    ),
    (
        '0cbc3ed6-ac6c-4e09-bb0d-2adf4a6846d4',
        '1eacfdff-a5b8-4987-85e9-a13a522b2042',
        '2024-09-03 00:00:00',
        1,
        0,
        0,
        NULL,
        'Admin',
        NULL,
        '2024-09-05 06:17:01',
        '2024-09-05 06:17:01'
    ),
    (
        '0cd9e885-25cb-4a7e-8ea4-7238853ddc4d',
        '38d93c22-a7e4-44bf-b227-eec29ce507a3',
        '2024-04-05 00:00:00',
        1,
        0,
        0,
        NULL,
        'Admin',
        NULL,
        '2024-09-05 06:17:01',
        '2024-09-05 06:17:01'
    ),
    (
        '0d29a429-b9f4-401e-a727-4a5f550aa844',
        '70538a19-7704-4fe0-a1e1-8ae4d317317e',
        '2024-10-11 00:00:00',
        1,
        0,
        0,
        NULL,
        'Admin',
        NULL,
        '2024-09-05 06:17:01',
        '2024-09-05 06:17:01'
    ),
    (
        '0d7b8a83-3667-44bb-a049-384537c79423',
        '6f36871f-2417-488b-a530-b7991e477f7c',
        '2024-08-12 00:00:00',
        1,
        0,
        0,
        NULL,
        'Admin',
        NULL,
        '2024-09-05 06:17:01',
        '2024-09-05 06:17:01'
    ),
    (
        '0d912072-3518-4f27-8804-2509ff2c73e8',
        '31c28662-f811-4e77-9034-a109bb6d6774',
        '2024-05-23 00:00:00',
        1,
        0,
        0,
        NULL,
        'Admin',
        NULL,
        '2024-09-05 06:17:01',
        '2024-09-05 06:17:01'
    ),
    (
        '0da793b7-c60e-46d4-9759-caf6cad41e93',
        'afaa12e1-ca88-4cfa-8a7f-cb908a20c5ed',
        '2024-12-01 00:00:00',
        0,
        1,
        0,
        NULL,
        'Admin',
        NULL,
        '2024-09-05 06:17:01',
        '2024-09-05 06:17:01'
    ),
    (
        '0e006ebf-3569-42bf-80ce-6a23829dcce2',
        '62a288fb-f48b-4651-9e92-c6ae4ea5709d',
        '2024-07-15 00:00:00',
        1,
        0,
        0,
        NULL,
        'Admin',
        NULL,
        '2024-09-05 06:17:01',
        '2024-09-05 06:17:01'
    ),
    (
        '0e4f7389-c143-485f-9481-c277490eba1a',
        'ef72fffd-343d-47db-8a54-2ef24bc2ab77',
        '2024-11-11 00:00:00',
        1,
        0,
        0,
        NULL,
        'Admin',
        NULL,
        '2024-09-05 06:17:01',
        '2024-09-05 06:17:01'
    ),
    (
        '0f55a025-131f-472c-8a4b-5c584a29c2e0',
        'ad7178c9-615a-4040-b90f-52f32381a63f',
        '2024-03-24 00:00:00',
        0,
        1,
        0,
        NULL,
        'Admin',
        NULL,
        '2024-09-05 06:17:01',
        '2024-09-05 06:17:01'
    ),
    (
        '0f9226d7-ba0a-4cbc-92b1-418ab89bc115',
        '8c8759c2-c9aa-4b1a-84d8-24d589d28215',
        '2024-06-27 00:00:00',
        1,
        0,
        0,
        NULL,
        'Admin',
        NULL,
        '2024-09-05 06:17:01',
        '2024-09-05 06:17:01'
    ),
    (
        '10ede404-965b-4655-8956-41adbdac5aa4',
        '1eacfdff-a5b8-4987-85e9-a13a522b2042',
        '2024-09-12 00:00:00',
        1,
        0,
        0,
        NULL,
        'Admin',
        NULL,
        '2024-09-05 06:17:01',
        '2024-09-05 06:17:01'
    ),
    (
        '11472f13-a1bb-476a-9e5c-f03f99dff6d1',
        'ad7178c9-615a-4040-b90f-52f32381a63f',
        '2024-03-20 00:00:00',
        1,
        0,
        0,
        NULL,
        'Admin',
        NULL,
        '2024-09-05 06:17:01',
        '2024-09-05 06:17:01'
    ),
    (
        '12613e3e-344d-4bbd-9c85-af228d029191',
        'ef72fffd-343d-47db-8a54-2ef24bc2ab77',
        '2024-11-25 00:00:00',
        1,
        0,
        0,
        NULL,
        'Admin',
        NULL,
        '2024-09-05 06:17:01',
        '2024-09-05 06:17:01'
    ),
    (
        '140835e6-bd49-4e8b-88f1-273cd5ff695a',
        '6f36871f-2417-488b-a530-b7991e477f7c',
        '2024-08-06 00:00:00',
        1,
        0,
        0,
        NULL,
        'Admin',
        NULL,
        '2024-09-05 06:17:01',
        '2024-09-05 06:17:01'
    ),
    (
        '14fe13b2-c48b-4feb-80b1-7e87f9ab6b2a',
        '824e2c0a-4c90-41fe-929c-012cb425b82f',
        '2024-01-13 00:00:00',
        1,
        0,
        0,
        NULL,
        'Admin',
        NULL,
        '2024-09-05 06:17:01',
        '2024-09-05 06:17:01'
    ),
    (
        '1518396f-a948-4af1-9458-fb843a835f24',
        '1708dc66-d1d3-4c00-a15c-c8041ec2a213',
        '2024-02-03 00:00:00',
        1,
        0,
        0,
        NULL,
        'Admin',
        NULL,
        '2024-09-05 06:17:01',
        '2024-09-05 06:17:01'
    ),
    (
        '1539f932-3b59-4bcf-bda7-f9069dab0c2f',
        '38d93c22-a7e4-44bf-b227-eec29ce507a3',
        '2024-04-08 00:00:00',
        1,
        0,
        0,
        NULL,
        'Admin',
        NULL,
        '2024-09-05 06:17:01',
        '2024-09-05 06:17:01'
    ),
    (
        '15a7802a-7f93-47d3-99fb-e9cc042c8b12',
        '70538a19-7704-4fe0-a1e1-8ae4d317317e',
        '2024-10-18 00:00:00',
        1,
        0,
        0,
        NULL,
        'Admin',
        NULL,
        '2024-09-05 06:17:01',
        '2024-09-05 06:17:01'
    ),
    (
        '15b77d31-cba0-4954-9d4b-3ec042d3b82c',
        '1708dc66-d1d3-4c00-a15c-c8041ec2a213',
        '2024-02-09 00:00:00',
        1,
        0,
        0,
        NULL,
        'Admin',
        NULL,
        '2024-09-05 06:17:01',
        '2024-09-05 06:17:01'
    ),
    (
        '1665641d-12e6-4213-b5c9-faf48aac5ba1',
        '6f36871f-2417-488b-a530-b7991e477f7c',
        '2024-08-29 00:00:00',
        1,
        0,
        0,
        NULL,
        'Admin',
        NULL,
        '2024-09-05 06:17:01',
        '2024-09-05 06:17:01'
    ),
    (
        '1737dbbd-bbe7-4101-b73d-42d7f3426ede',
        '1708dc66-d1d3-4c00-a15c-c8041ec2a213',
        '2024-02-06 00:00:00',
        1,
        0,
        0,
        NULL,
        'Admin',
        NULL,
        '2024-09-05 06:17:01',
        '2024-09-05 06:17:01'
    ),
    (
        '181f83bb-2ef7-40ba-b254-2d04997cc286',
        'ad7178c9-615a-4040-b90f-52f32381a63f',
        '2024-03-21 00:00:00',
        1,
        0,
        0,
        NULL,
        'Admin',
        NULL,
        '2024-09-05 06:17:01',
        '2024-09-05 06:17:01'
    ),
    (
        '18c82e4a-e4bd-42c9-878c-cffcd18d1e98',
        '31c28662-f811-4e77-9034-a109bb6d6774',
        '2024-05-02 00:00:00',
        1,
        0,
        0,
        NULL,
        'Admin',
        NULL,
        '2024-09-05 06:17:01',
        '2024-09-05 06:17:01'
    ),
    (
        '18f49381-3311-4cfb-a580-bdbd6f665edb',
        '1eacfdff-a5b8-4987-85e9-a13a522b2042',
        '2024-09-09 00:00:00',
        1,
        0,
        0,
        NULL,
        'Admin',
        NULL,
        '2024-09-05 06:17:01',
        '2024-09-05 06:17:01'
    ),
    (
        '1a34dc9d-f0d4-403c-aaf2-0813f91b9149',
        '70538a19-7704-4fe0-a1e1-8ae4d317317e',
        '2024-10-19 00:00:00',
        1,
        0,
        0,
        NULL,
        'Admin',
        NULL,
        '2024-09-05 06:17:01',
        '2024-09-05 06:17:01'
    ),
    (
        '1a88afd5-a0b0-41e5-8ce3-27d5df14439c',
        'afaa12e1-ca88-4cfa-8a7f-cb908a20c5ed',
        '2024-12-07 00:00:00',
        1,
        0,
        0,
        NULL,
        'Admin',
        NULL,
        '2024-09-05 06:17:01',
        '2024-09-05 06:17:01'
    ),
    (
        '1bb88b50-2e84-475b-92bb-649f8ec0fc3f',
        '1708dc66-d1d3-4c00-a15c-c8041ec2a213',
        '2024-02-15 00:00:00',
        1,
        0,
        0,
        NULL,
        'Admin',
        NULL,
        '2024-09-05 06:17:01',
        '2024-09-05 06:17:01'
    ),
    (
        '1d2f8527-05b3-48fd-ac39-7fdd4dad8bec',
        'ef72fffd-343d-47db-8a54-2ef24bc2ab77',
        '2024-11-18 00:00:00',
        1,
        0,
        0,
        NULL,
        'Admin',
        NULL,
        '2024-09-05 06:17:01',
        '2024-09-05 06:17:01'
    ),
    (
        '1e4dfa57-5973-4a64-adf4-1b4be3b5528a',
        '824e2c0a-4c90-41fe-929c-012cb425b82f',
        '2024-01-27 00:00:00',
        1,
        0,
        0,
        NULL,
        'Admin',
        NULL,
        '2024-09-05 06:17:01',
        '2024-09-05 06:17:01'
    ),
    (
        '1ebbd9bb-063b-47b5-bea6-716882cc0c97',
        '1708dc66-d1d3-4c00-a15c-c8041ec2a213',
        '2024-02-08 00:00:00',
        1,
        0,
        0,
        NULL,
        'Admin',
        NULL,
        '2024-09-05 06:17:01',
        '2024-09-05 06:17:01'
    ),
    (
        '1ebdb187-5841-497e-a6d7-20245da970c2',
        'ad7178c9-615a-4040-b90f-52f32381a63f',
        '2024-03-30 00:00:00',
        1,
        0,
        0,
        NULL,
        'Admin',
        NULL,
        '2024-09-05 06:17:01',
        '2024-09-05 06:17:01'
    ),
    (
        '1ed4fd01-d63a-4610-8719-df2969be1c7e',
        '31c28662-f811-4e77-9034-a109bb6d6774',
        '2024-05-13 00:00:00',
        1,
        0,
        0,
        NULL,
        'Admin',
        NULL,
        '2024-09-05 06:17:01',
        '2024-09-05 06:17:01'
    ),
    (
        '1f442a11-41f7-470e-b42a-2a2f2024d759',
        '1eacfdff-a5b8-4987-85e9-a13a522b2042',
        '2024-09-23 00:00:00',
        1,
        0,
        0,
        NULL,
        'Admin',
        NULL,
        '2024-09-05 06:17:01',
        '2024-09-05 06:17:01'
    ),
    (
        '1f6e4113-c8f0-4d83-94f5-c67ab2c2c357',
        '62a288fb-f48b-4651-9e92-c6ae4ea5709d',
        '2024-07-20 00:00:00',
        1,
        0,
        0,
        NULL,
        'Admin',
        NULL,
        '2024-09-05 06:17:01',
        '2024-09-05 06:17:01'
    ),
    (
        '1fe2c5b4-bee7-4e58-b6ea-b87adaad1f62',
        '1708dc66-d1d3-4c00-a15c-c8041ec2a213',
        '2024-02-02 00:00:00',
        1,
        0,
        0,
        NULL,
        'Admin',
        NULL,
        '2024-09-05 06:17:01',
        '2024-09-05 06:17:01'
    ),
    (
        '2092a71d-2f4d-44d5-a796-e16ff22bb8d7',
        'ef72fffd-343d-47db-8a54-2ef24bc2ab77',
        '2024-11-09 00:00:00',
        1,
        0,
        0,
        NULL,
        'Admin',
        NULL,
        '2024-09-05 06:17:01',
        '2024-09-05 06:17:01'
    ),
    (
        '20a2a8e3-4f58-4cb6-9a9d-1b6be8899050',
        '38d93c22-a7e4-44bf-b227-eec29ce507a3',
        '2024-04-02 00:00:00',
        1,
        0,
        0,
        NULL,
        'Admin',
        NULL,
        '2024-09-05 06:17:01',
        '2024-09-05 06:17:01'
    ),
    (
        '20d9f7b8-cb80-406f-9f5c-589af52a750e',
        '824e2c0a-4c90-41fe-929c-012cb425b82f',
        '2024-01-12 00:00:00',
        1,
        0,
        0,
        NULL,
        'Admin',
        NULL,
        '2024-09-05 06:17:01',
        '2024-09-05 06:17:01'
    ),
    (
        '21600415-3cc3-4532-8e76-7218423cae6f',
        '31c28662-f811-4e77-9034-a109bb6d6774',
        '2024-05-11 00:00:00',
        1,
        0,
        0,
        NULL,
        'Admin',
        NULL,
        '2024-09-05 06:17:01',
        '2024-09-05 06:17:01'
    ),
    (
        '22ddf8d9-cd4e-4006-b6c7-7491abac36f9',
        'afaa12e1-ca88-4cfa-8a7f-cb908a20c5ed',
        '2024-12-24 00:00:00',
        1,
        0,
        0,
        NULL,
        'Admin',
        NULL,
        '2024-09-05 06:17:01',
        '2024-09-05 06:17:01'
    ),
    (
        '230c1962-83fd-4b67-8647-8ce055a3c453',
        '1708dc66-d1d3-4c00-a15c-c8041ec2a213',
        '2024-02-05 00:00:00',
        1,
        0,
        0,
        NULL,
        'Admin',
        NULL,
        '2024-09-05 06:17:01',
        '2024-09-05 06:17:01'
    ),
    (
        '2352efb4-0dcb-4033-92ab-2f530ce8695f',
        '8c8759c2-c9aa-4b1a-84d8-24d589d28215',
        '2024-06-01 00:00:00',
        1,
        0,
        0,
        NULL,
        'Admin',
        NULL,
        '2024-09-05 06:17:01',
        '2024-09-05 06:17:01'
    ),
    (
        '24442194-1745-4b31-943b-ef3e7f5f2f35',
        '70538a19-7704-4fe0-a1e1-8ae4d317317e',
        '2024-10-29 00:00:00',
        1,
        0,
        0,
        NULL,
        'Admin',
        NULL,
        '2024-09-05 06:17:01',
        '2024-09-05 06:17:01'
    ),
    (
        '257453bf-8154-48e4-902d-a015c55bf9d4',
        '31c28662-f811-4e77-9034-a109bb6d6774',
        '2024-05-29 00:00:00',
        1,
        0,
        0,
        NULL,
        'Admin',
        NULL,
        '2024-09-05 06:17:01',
        '2024-09-05 06:17:01'
    ),
    (
        '26f86f4b-a9b1-488f-8613-000dfd40b97c',
        '31c28662-f811-4e77-9034-a109bb6d6774',
        '2024-05-05 00:00:00',
        0,
        1,
        0,
        NULL,
        'Admin',
        NULL,
        '2024-09-05 06:17:01',
        '2024-09-05 06:17:01'
    ),
    (
        '29d1d8f9-369c-45d5-9f6d-c214f1c6bfb7',
        'afaa12e1-ca88-4cfa-8a7f-cb908a20c5ed',
        '2024-12-21 00:00:00',
        1,
        0,
        0,
        NULL,
        'Admin',
        NULL,
        '2024-09-05 06:17:01',
        '2024-09-05 06:17:01'
    ),
    (
        '29ea0fb5-b95c-461c-b6b4-bc5e711c655a',
        '6f36871f-2417-488b-a530-b7991e477f7c',
        '2024-08-11 00:00:00',
        0,
        1,
        0,
        NULL,
        'Admin',
        NULL,
        '2024-09-05 06:17:01',
        '2024-09-05 06:17:01'
    ),
    (
        '2a5f88bf-d293-4d87-b622-d61ee7f23473',
        '38d93c22-a7e4-44bf-b227-eec29ce507a3',
        '2024-04-01 00:00:00',
        1,
        0,
        0,
        NULL,
        'Admin',
        NULL,
        '2024-09-05 06:17:01',
        '2024-09-05 06:17:01'
    ),
    (
        '2a9f5ed8-c846-4da0-abd5-c0bd9c940615',
        '31c28662-f811-4e77-9034-a109bb6d6774',
        '2024-05-20 00:00:00',
        1,
        0,
        0,
        NULL,
        'Admin',
        NULL,
        '2024-09-05 06:17:01',
        '2024-09-05 06:17:01'
    ),
    (
        '2c15e8e1-3fab-4608-acef-abf74c0ecdb8',
        '70538a19-7704-4fe0-a1e1-8ae4d317317e',
        '2024-10-04 00:00:00',
        1,
        0,
        0,
        NULL,
        'Admin',
        NULL,
        '2024-09-05 06:17:01',
        '2024-09-05 06:17:01'
    ),
    (
        '2cba6058-c533-402b-8390-34a1e12cf835',
        'ef72fffd-343d-47db-8a54-2ef24bc2ab77',
        '2024-11-14 00:00:00',
        1,
        0,
        0,
        NULL,
        'Admin',
        NULL,
        '2024-09-05 06:17:01',
        '2024-09-05 06:17:01'
    ),
    (
        '2cee6cc4-4352-4d89-aec9-74724844eda1',
        '824e2c0a-4c90-41fe-929c-012cb425b82f',
        '2024-01-21 00:00:00',
        0,
        1,
        0,
        NULL,
        'Admin',
        NULL,
        '2024-09-05 06:17:01',
        '2024-09-05 06:17:01'
    ),
    (
        '2d483f5f-369b-4292-806d-3a5f88a57832',
        'ad7178c9-615a-4040-b90f-52f32381a63f',
        '2024-03-05 00:00:00',
        1,
        0,
        0,
        NULL,
        'Admin',
        NULL,
        '2024-09-05 06:17:01',
        '2024-09-05 06:17:01'
    ),
    (
        '2dd0908f-a5d8-4225-8c8d-99c67c0a67d2',
        '8c8759c2-c9aa-4b1a-84d8-24d589d28215',
        '2024-06-02 00:00:00',
        0,
        1,
        0,
        NULL,
        'Admin',
        NULL,
        '2024-09-05 06:17:01',
        '2024-09-05 06:17:01'
    ),
    (
        '2e09e44f-2647-455d-b466-de9d934f4636',
        '6f36871f-2417-488b-a530-b7991e477f7c',
        '2024-08-03 00:00:00',
        1,
        0,
        0,
        NULL,
        'Admin',
        NULL,
        '2024-09-05 06:17:01',
        '2024-09-05 06:17:01'
    ),
    (
        '2ea2ce4f-0b9c-4eb6-bedf-5c20e5f6290c',
        'afaa12e1-ca88-4cfa-8a7f-cb908a20c5ed',
        '2024-12-26 00:00:00',
        1,
        0,
        0,
        NULL,
        'Admin',
        NULL,
        '2024-09-05 06:17:01',
        '2024-09-05 06:17:01'
    ),
    (
        '2eae2eaa-5c86-4072-847d-a63c50fee715',
        '8c8759c2-c9aa-4b1a-84d8-24d589d28215',
        '2024-06-10 00:00:00',
        1,
        0,
        0,
        NULL,
        'Admin',
        NULL,
        '2024-09-05 06:17:01',
        '2024-09-05 06:17:01'
    ),
    (
        '327320ed-9384-4f54-a82d-e9adaedca905',
        '8c8759c2-c9aa-4b1a-84d8-24d589d28215',
        '2024-06-20 00:00:00',
        1,
        0,
        0,
        NULL,
        'Admin',
        NULL,
        '2024-09-05 06:17:01',
        '2024-09-05 06:17:01'
    ),
    (
        '32cb136c-7bc3-4087-8126-0248e5bbde53',
        '31c28662-f811-4e77-9034-a109bb6d6774',
        '2024-05-18 00:00:00',
        1,
        0,
        0,
        NULL,
        'Admin',
        NULL,
        '2024-09-05 06:17:01',
        '2024-09-05 06:17:01'
    ),
    (
        '337762e0-b88a-4257-96cd-936786d9e282',
        '31c28662-f811-4e77-9034-a109bb6d6774',
        '2024-05-16 00:00:00',
        1,
        0,
        0,
        NULL,
        'Admin',
        NULL,
        '2024-09-05 06:17:01',
        '2024-09-05 06:17:01'
    ),
    (
        '342f4e76-73e7-4d35-bacb-d1ebcee1d171',
        'afaa12e1-ca88-4cfa-8a7f-cb908a20c5ed',
        '2024-12-04 00:00:00',
        1,
        0,
        0,
        NULL,
        'Admin',
        NULL,
        '2024-09-05 06:17:01',
        '2024-09-05 06:17:01'
    ),
    (
        '3583a4ae-f033-43d9-ade1-94f799218516',
        'afaa12e1-ca88-4cfa-8a7f-cb908a20c5ed',
        '2024-12-29 00:00:00',
        0,
        1,
        0,
        NULL,
        'Admin',
        NULL,
        '2024-09-05 06:17:01',
        '2024-09-05 06:17:01'
    ),
    (
        '35ab2a87-5415-462e-914e-735810294fd1',
        '31c28662-f811-4e77-9034-a109bb6d6774',
        '2024-05-28 00:00:00',
        1,
        0,
        0,
        NULL,
        'Admin',
        NULL,
        '2024-09-05 06:17:01',
        '2024-09-05 06:17:01'
    ),
    (
        '3656631b-cb6e-4361-a6d7-63ce45b01905',
        'ef72fffd-343d-47db-8a54-2ef24bc2ab77',
        '2024-11-29 00:00:00',
        1,
        0,
        0,
        NULL,
        'Admin',
        NULL,
        '2024-09-05 06:17:01',
        '2024-09-05 06:17:01'
    ),
    (
        '385be17e-8eb8-4c34-9898-f78fe0975a22',
        '31c28662-f811-4e77-9034-a109bb6d6774',
        '2024-05-25 00:00:00',
        1,
        0,
        0,
        NULL,
        'Admin',
        NULL,
        '2024-09-05 06:17:01',
        '2024-09-05 06:17:01'
    ),
    (
        '38a28b59-448c-483d-9461-26957db500a1',
        '6f36871f-2417-488b-a530-b7991e477f7c',
        '2024-08-22 00:00:00',
        1,
        0,
        0,
        NULL,
        'Admin',
        NULL,
        '2024-09-05 06:17:01',
        '2024-09-05 06:17:01'
    ),
    (
        '39b40cbf-0925-4e91-8759-063cb0418016',
        '824e2c0a-4c90-41fe-929c-012cb425b82f',
        '2024-01-15 00:00:00',
        1,
        0,
        0,
        NULL,
        'Admin',
        NULL,
        '2024-09-05 06:17:01',
        '2024-09-05 06:17:01'
    ),
    (
        '3a13677f-030e-4701-885f-47d49950ba25',
        '31c28662-f811-4e77-9034-a109bb6d6774',
        '2024-05-03 00:00:00',
        1,
        0,
        0,
        NULL,
        'Admin',
        NULL,
        '2024-09-05 06:17:01',
        '2024-09-05 06:17:01'
    ),
    (
        '3b0cd1ea-b702-4922-a1ba-75efbe36617e',
        'ef72fffd-343d-47db-8a54-2ef24bc2ab77',
        '2024-11-01 00:00:00',
        1,
        0,
        0,
        NULL,
        'Admin',
        NULL,
        '2024-09-05 06:17:01',
        '2024-09-05 06:17:01'
    ),
    (
        '3f825ca9-5e40-4b6c-903b-c488812612bc',
        'ef72fffd-343d-47db-8a54-2ef24bc2ab77',
        '2024-11-07 00:00:00',
        1,
        0,
        0,
        NULL,
        'Admin',
        NULL,
        '2024-09-05 06:17:01',
        '2024-09-05 06:17:01'
    ),
    (
        '3f92054a-3bfa-45c8-a824-0c496a0758c2',
        '824e2c0a-4c90-41fe-929c-012cb425b82f',
        '2024-01-26 00:00:00',
        1,
        0,
        0,
        NULL,
        'Admin',
        NULL,
        '2024-09-05 06:17:01',
        '2024-09-05 06:17:01'
    ),
    (
        '3fe0fed2-8490-487d-ab97-eb47294ad82b',
        'ef72fffd-343d-47db-8a54-2ef24bc2ab77',
        '2024-11-08 00:00:00',
        1,
        0,
        0,
        NULL,
        'Admin',
        NULL,
        '2024-09-05 06:17:01',
        '2024-09-05 06:17:01'
    ),
    (
        '40e42f97-7cff-4a61-9287-faf532a85273',
        '6f36871f-2417-488b-a530-b7991e477f7c',
        '2024-08-10 00:00:00',
        1,
        0,
        0,
        NULL,
        'Admin',
        NULL,
        '2024-09-05 06:17:01',
        '2024-09-05 06:17:01'
    ),
    (
        '42328097-8af6-471d-a5e1-2da820e6bfa6',
        'ad7178c9-615a-4040-b90f-52f32381a63f',
        '2024-03-27 00:00:00',
        1,
        0,
        0,
        NULL,
        'Admin',
        NULL,
        '2024-09-05 06:17:01',
        '2024-09-05 06:17:01'
    ),
    (
        '4237652b-4636-4384-b560-bd5df8c57d0f',
        '6f36871f-2417-488b-a530-b7991e477f7c',
        '2024-08-16 00:00:00',
        1,
        0,
        0,
        NULL,
        'Admin',
        NULL,
        '2024-09-05 06:17:01',
        '2024-09-05 06:17:01'
    ),
    (
        '44200082-3a07-4e00-9ae2-1827d2d9ef8c',
        'afaa12e1-ca88-4cfa-8a7f-cb908a20c5ed',
        '2024-12-10 00:00:00',
        1,
        0,
        0,
        NULL,
        'Admin',
        NULL,
        '2024-09-05 06:17:01',
        '2024-09-05 06:17:01'
    ),
    (
        '446abc89-01b0-4c9f-a838-123970f5774c',
        '6f36871f-2417-488b-a530-b7991e477f7c',
        '2024-08-14 00:00:00',
        1,
        0,
        0,
        NULL,
        'Admin',
        NULL,
        '2024-09-05 06:17:01',
        '2024-09-05 06:17:01'
    ),
    (
        '449a26ac-565d-439d-8010-0d24dd83f04b',
        'afaa12e1-ca88-4cfa-8a7f-cb908a20c5ed',
        '2024-12-27 00:00:00',
        1,
        0,
        0,
        NULL,
        'Admin',
        NULL,
        '2024-09-05 06:17:01',
        '2024-09-05 06:17:01'
    ),
    (
        '450e4420-072e-4f86-afa5-12e004fdaad5',
        '1708dc66-d1d3-4c00-a15c-c8041ec2a213',
        '2024-02-28 00:00:00',
        1,
        0,
        0,
        NULL,
        'Admin',
        NULL,
        '2024-09-05 06:17:01',
        '2024-09-05 06:17:01'
    ),
    (
        '46f6416d-ff13-493e-9d4f-38903795f83d',
        '824e2c0a-4c90-41fe-929c-012cb425b82f',
        '2024-01-07 00:00:00',
        0,
        1,
        0,
        NULL,
        'Admin',
        NULL,
        '2024-09-05 06:17:01',
        '2024-09-05 06:17:01'
    ),
    (
        '4831135c-3fa9-421d-a710-0ef4c2fc2dc7',
        'afaa12e1-ca88-4cfa-8a7f-cb908a20c5ed',
        '2024-12-30 00:00:00',
        1,
        0,
        0,
        NULL,
        'Admin',
        NULL,
        '2024-09-05 06:17:01',
        '2024-09-05 06:17:01'
    ),
    (
        '48d7ce0b-21c2-4c1a-9977-6a4493eb0c20',
        '70538a19-7704-4fe0-a1e1-8ae4d317317e',
        '2024-10-27 00:00:00',
        0,
        1,
        0,
        NULL,
        'Admin',
        NULL,
        '2024-09-05 06:17:01',
        '2024-09-05 06:17:01'
    ),
    (
        '4a55e1f3-66ca-42b4-aa1c-8b25d54ea722',
        'ad7178c9-615a-4040-b90f-52f32381a63f',
        '2024-03-18 00:00:00',
        1,
        0,
        0,
        NULL,
        'Admin',
        NULL,
        '2024-09-05 06:17:01',
        '2024-09-05 06:17:01'
    ),
    (
        '4a7b6538-2ea0-437b-a9bc-343aa0a8bc9f',
        '62a288fb-f48b-4651-9e92-c6ae4ea5709d',
        '2024-07-11 00:00:00',
        1,
        0,
        0,
        NULL,
        'Admin',
        NULL,
        '2024-09-05 06:17:01',
        '2024-09-05 06:17:01'
    ),
    (
        '4b9666f1-53de-4f18-b944-18bc79767bf7',
        'ad7178c9-615a-4040-b90f-52f32381a63f',
        '2024-03-14 00:00:00',
        1,
        0,
        0,
        NULL,
        'Admin',
        NULL,
        '2024-09-05 06:17:01',
        '2024-09-05 06:17:01'
    ),
    (
        '4c7139e8-cb4d-4f30-a9e8-b78ee0042761',
        '8c8759c2-c9aa-4b1a-84d8-24d589d28215',
        '2024-06-16 00:00:00',
        0,
        1,
        0,
        NULL,
        'Admin',
        NULL,
        '2024-09-05 06:17:01',
        '2024-09-05 06:17:01'
    ),
    (
        '4cb7d629-1c41-4296-952c-c7b9641cc23e',
        'ef72fffd-343d-47db-8a54-2ef24bc2ab77',
        '2024-11-12 00:00:00',
        1,
        0,
        0,
        NULL,
        'Admin',
        NULL,
        '2024-09-05 06:17:01',
        '2024-09-05 06:17:01'
    ),
    (
        '4d0a0fdd-a31c-4b2a-8ab6-d05695a1a54a',
        '6f36871f-2417-488b-a530-b7991e477f7c',
        '2024-08-01 00:00:00',
        1,
        0,
        0,
        NULL,
        'Admin',
        NULL,
        '2024-09-05 06:17:01',
        '2024-09-05 06:17:01'
    ),
    (
        '4ddb8454-a2d8-4146-a3f4-8a5496c34c9f',
        '1eacfdff-a5b8-4987-85e9-a13a522b2042',
        '2024-09-30 00:00:00',
        1,
        0,
        0,
        NULL,
        'Admin',
        NULL,
        '2024-09-05 06:17:01',
        '2024-09-05 06:17:01'
    ),
    (
        '4ee00e04-cd6d-4b32-8149-77d60c75bb4a',
        '824e2c0a-4c90-41fe-929c-012cb425b82f',
        '2024-01-16 00:00:00',
        1,
        0,
        0,
        NULL,
        'Admin',
        NULL,
        '2024-09-05 06:17:01',
        '2024-09-05 06:17:01'
    ),
    (
        '4f966a92-3544-4833-a5d3-14b5452e6639',
        'afaa12e1-ca88-4cfa-8a7f-cb908a20c5ed',
        '2024-12-25 00:00:00',
        1,
        0,
        0,
        NULL,
        'Admin',
        NULL,
        '2024-09-05 06:17:01',
        '2024-09-05 06:17:01'
    ),
    (
        '4fe18f48-b968-464b-b53c-88615e1c982d',
        '31c28662-f811-4e77-9034-a109bb6d6774',
        '2024-05-06 00:00:00',
        1,
        0,
        0,
        NULL,
        'Admin',
        NULL,
        '2024-09-05 06:17:01',
        '2024-09-05 06:17:01'
    ),
    (
        '51d42a79-242c-4316-a9df-2bf1976c50b0',
        'ad7178c9-615a-4040-b90f-52f32381a63f',
        '2024-03-06 00:00:00',
        1,
        0,
        0,
        NULL,
        'Admin',
        NULL,
        '2024-09-05 06:17:01',
        '2024-09-05 06:17:01'
    ),
    (
        '52af8dd3-6fca-4bb7-a6d5-75445e157a44',
        '1eacfdff-a5b8-4987-85e9-a13a522b2042',
        '2024-09-07 00:00:00',
        1,
        0,
        0,
        NULL,
        'Admin',
        NULL,
        '2024-09-05 06:17:01',
        '2024-09-05 06:17:01'
    ),
    (
        '5302ccd0-3c31-481f-85d9-23b870545e64',
        '31c28662-f811-4e77-9034-a109bb6d6774',
        '2024-05-27 00:00:00',
        1,
        0,
        0,
        NULL,
        'Admin',
        NULL,
        '2024-09-05 06:17:01',
        '2024-09-05 06:17:01'
    ),
    (
        '5335f1dc-44b4-4850-857a-2e63093535f1',
        '62a288fb-f48b-4651-9e92-c6ae4ea5709d',
        '2024-07-02 00:00:00',
        1,
        0,
        0,
        NULL,
        'Admin',
        NULL,
        '2024-09-05 06:17:01',
        '2024-09-05 06:17:01'
    ),
    (
        '53634ee0-575c-429b-ad6c-fd5948a9ebda',
        'ef72fffd-343d-47db-8a54-2ef24bc2ab77',
        '2024-11-15 00:00:00',
        1,
        0,
        0,
        NULL,
        'Admin',
        NULL,
        '2024-09-05 06:17:01',
        '2024-09-05 06:17:01'
    ),
    (
        '53929664-35fb-496c-89a9-980e5f39367b',
        '1708dc66-d1d3-4c00-a15c-c8041ec2a213',
        '2024-02-20 00:00:00',
        1,
        0,
        0,
        NULL,
        'Admin',
        NULL,
        '2024-09-05 06:17:01',
        '2024-09-05 06:17:01'
    ),
    (
        '54becfee-0422-49f9-ae04-4c105329373a',
        '8c8759c2-c9aa-4b1a-84d8-24d589d28215',
        '2024-06-14 00:00:00',
        1,
        0,
        0,
        NULL,
        'Admin',
        NULL,
        '2024-09-05 06:17:01',
        '2024-09-05 06:17:01'
    ),
    (
        '54c303c9-72fa-4aab-8b4b-9fb340ddb639',
        '38d93c22-a7e4-44bf-b227-eec29ce507a3',
        '2024-04-21 00:00:00',
        0,
        1,
        0,
        NULL,
        'Admin',
        NULL,
        '2024-09-05 06:17:01',
        '2024-09-05 06:17:01'
    ),
    (
        '561248cd-45fc-4638-aa98-e67f4220143e',
        '70538a19-7704-4fe0-a1e1-8ae4d317317e',
        '2024-10-01 00:00:00',
        1,
        0,
        0,
        NULL,
        'Admin',
        NULL,
        '2024-09-05 06:17:01',
        '2024-09-05 06:17:01'
    ),
    (
        '57138ed3-6753-4ccb-8b1f-7238549b72c2',
        '1708dc66-d1d3-4c00-a15c-c8041ec2a213',
        '2024-02-27 00:00:00',
        1,
        0,
        0,
        NULL,
        'Admin',
        NULL,
        '2024-09-05 06:17:01',
        '2024-09-05 06:17:01'
    ),
    (
        '576a14bc-584f-459d-bc70-f20be04db944',
        '6f36871f-2417-488b-a530-b7991e477f7c',
        '2024-08-07 00:00:00',
        1,
        0,
        0,
        NULL,
        'Admin',
        NULL,
        '2024-09-05 06:17:01',
        '2024-09-05 06:17:01'
    ),
    (
        '57e2428f-9f5d-4fea-9543-38c167e5ce81',
        '1eacfdff-a5b8-4987-85e9-a13a522b2042',
        '2024-09-15 00:00:00',
        0,
        1,
        0,
        NULL,
        'Admin',
        NULL,
        '2024-09-05 06:17:01',
        '2024-09-05 06:17:01'
    ),
    (
        '585227c3-9e60-41ad-8970-a7d3cfca521e',
        '38d93c22-a7e4-44bf-b227-eec29ce507a3',
        '2024-04-25 00:00:00',
        1,
        0,
        0,
        NULL,
        'Admin',
        NULL,
        '2024-09-05 06:17:01',
        '2024-09-05 06:17:01'
    ),
    (
        '58a8acf8-ace0-463c-b8d0-64ac52e5c536',
        '70538a19-7704-4fe0-a1e1-8ae4d317317e',
        '2024-10-08 00:00:00',
        1,
        0,
        0,
        NULL,
        'Admin',
        NULL,
        '2024-09-05 06:17:01',
        '2024-09-05 06:17:01'
    ),
    (
        '596e538f-f283-457e-964f-01420c7ab22c',
        '8c8759c2-c9aa-4b1a-84d8-24d589d28215',
        '2024-06-25 00:00:00',
        1,
        0,
        0,
        NULL,
        'Admin',
        NULL,
        '2024-09-05 06:17:01',
        '2024-09-05 06:17:01'
    ),
    (
        '59d320da-eb27-46d4-8d4e-e9b1abeda03c',
        '38d93c22-a7e4-44bf-b227-eec29ce507a3',
        '2024-04-28 00:00:00',
        0,
        1,
        0,
        NULL,
        'Admin',
        NULL,
        '2024-09-05 06:17:01',
        '2024-09-05 06:17:01'
    ),
    (
        '59f92a73-2d5a-473b-8c66-0441e725ae65',
        'ef72fffd-343d-47db-8a54-2ef24bc2ab77',
        '2024-11-27 00:00:00',
        1,
        0,
        0,
        NULL,
        'Admin',
        NULL,
        '2024-09-05 06:17:01',
        '2024-09-05 06:17:01'
    ),
    (
        '5ab0b5a1-4016-4fb7-8386-e6783bbf989f',
        '6f36871f-2417-488b-a530-b7991e477f7c',
        '2024-08-13 00:00:00',
        1,
        0,
        0,
        NULL,
        'Admin',
        NULL,
        '2024-09-05 06:17:01',
        '2024-09-05 06:17:01'
    ),
    (
        '5ad5aafa-c28f-4c67-9878-820bca6e75f3',
        '8c8759c2-c9aa-4b1a-84d8-24d589d28215',
        '2024-06-26 00:00:00',
        1,
        0,
        0,
        NULL,
        'Admin',
        NULL,
        '2024-09-05 06:17:01',
        '2024-09-05 06:17:01'
    ),
    (
        '5b165af5-88e3-4388-ac88-5ec39af5d693',
        'afaa12e1-ca88-4cfa-8a7f-cb908a20c5ed',
        '2024-12-31 00:00:00',
        1,
        0,
        0,
        NULL,
        'Admin',
        NULL,
        '2024-09-05 06:17:01',
        '2024-09-05 06:17:01'
    ),
    (
        '5ba92bd3-20fd-4f10-88da-2eb22cbcdaed',
        '1708dc66-d1d3-4c00-a15c-c8041ec2a213',
        '2024-02-07 00:00:00',
        1,
        0,
        0,
        NULL,
        'Admin',
        NULL,
        '2024-09-05 06:17:01',
        '2024-09-05 06:17:01'
    ),
    (
        '5c4b636b-2b04-4cc7-8b21-be38c263985b',
        'ad7178c9-615a-4040-b90f-52f32381a63f',
        '2024-03-26 00:00:00',
        1,
        0,
        0,
        NULL,
        'Admin',
        NULL,
        '2024-09-05 06:17:01',
        '2024-09-05 06:17:01'
    ),
    (
        '5cd87f18-b233-4b65-bf3b-e85c6e1d588a',
        '62a288fb-f48b-4651-9e92-c6ae4ea5709d',
        '2024-07-07 00:00:00',
        0,
        1,
        0,
        NULL,
        'Admin',
        NULL,
        '2024-09-05 06:17:01',
        '2024-09-05 06:17:01'
    ),
    (
        '5d1cf53c-a979-411e-9a7f-3b1655e23af5',
        'ad7178c9-615a-4040-b90f-52f32381a63f',
        '2024-03-11 00:00:00',
        1,
        0,
        0,
        NULL,
        'Admin',
        NULL,
        '2024-09-05 06:17:01',
        '2024-09-05 06:17:01'
    ),
    (
        '5d260743-7432-48c1-ac53-f423d20412dc',
        '62a288fb-f48b-4651-9e92-c6ae4ea5709d',
        '2024-07-19 00:00:00',
        1,
        0,
        0,
        NULL,
        'Admin',
        NULL,
        '2024-09-05 06:17:01',
        '2024-09-05 06:17:01'
    ),
    (
        '5da01f46-383a-4558-8e45-59b07393f755',
        'ef72fffd-343d-47db-8a54-2ef24bc2ab77',
        '2024-11-02 00:00:00',
        1,
        0,
        0,
        NULL,
        'Admin',
        NULL,
        '2024-09-05 06:17:01',
        '2024-09-05 06:17:01'
    ),
    (
        '5dd3ea74-06b8-4215-89c5-0202105b03c9',
        '6f36871f-2417-488b-a530-b7991e477f7c',
        '2024-08-26 00:00:00',
        1,
        0,
        0,
        NULL,
        'Admin',
        NULL,
        '2024-09-05 06:17:01',
        '2024-09-05 06:17:01'
    ),
    (
        '5e7efdb7-2aac-4e89-9abc-ac34cc38190a',
        '1eacfdff-a5b8-4987-85e9-a13a522b2042',
        '2024-09-24 00:00:00',
        1,
        0,
        0,
        NULL,
        'Admin',
        NULL,
        '2024-09-05 06:17:01',
        '2024-09-05 06:17:01'
    ),
    (
        '5efdc57d-88cd-41e0-a9ab-3243f752c5d4',
        '824e2c0a-4c90-41fe-929c-012cb425b82f',
        '2024-01-01 00:00:00',
        1,
        0,
        0,
        NULL,
        'Admin',
        NULL,
        '2024-09-05 06:17:01',
        '2024-09-05 06:17:01'
    ),
    (
        '5fe90562-bd34-4d5c-871f-d6eac408d018',
        '1eacfdff-a5b8-4987-85e9-a13a522b2042',
        '2024-09-06 00:00:00',
        1,
        0,
        0,
        NULL,
        'Admin',
        NULL,
        '2024-09-05 06:17:01',
        '2024-09-05 06:17:01'
    ),
    (
        '610bde48-5212-4903-ad8d-95ba948c8770',
        '70538a19-7704-4fe0-a1e1-8ae4d317317e',
        '2024-10-31 00:00:00',
        1,
        0,
        0,
        NULL,
        'Admin',
        NULL,
        '2024-09-05 06:17:01',
        '2024-09-05 06:17:01'
    ),
    (
        '6143abf1-aa18-48ec-aa8b-af97656bbd23',
        '1708dc66-d1d3-4c00-a15c-c8041ec2a213',
        '2024-02-14 00:00:00',
        1,
        0,
        0,
        NULL,
        'Admin',
        NULL,
        '2024-09-05 06:17:01',
        '2024-09-05 06:17:01'
    ),
    (
        '65921802-62e2-41e5-adaa-ea6dcdda5998',
        '31c28662-f811-4e77-9034-a109bb6d6774',
        '2024-05-26 00:00:00',
        0,
        1,
        0,
        NULL,
        'Admin',
        NULL,
        '2024-09-05 06:17:01',
        '2024-09-05 06:17:01'
    ),
    (
        '678c60f2-2098-47b3-b897-0c72a14436dc',
        '31c28662-f811-4e77-9034-a109bb6d6774',
        '2024-05-19 00:00:00',
        0,
        1,
        0,
        NULL,
        'Admin',
        NULL,
        '2024-09-05 06:17:01',
        '2024-09-05 06:17:01'
    ),
    (
        '67a8d039-f4c0-4bbb-83cb-447025c0481c',
        '31c28662-f811-4e77-9034-a109bb6d6774',
        '2024-05-07 00:00:00',
        1,
        0,
        0,
        NULL,
        'Admin',
        NULL,
        '2024-09-05 06:17:01',
        '2024-09-05 06:17:01'
    ),
    (
        '68972467-b601-4e2a-b434-2049b74e9269',
        'ad7178c9-615a-4040-b90f-52f32381a63f',
        '2024-03-16 00:00:00',
        1,
        0,
        0,
        NULL,
        'Admin',
        NULL,
        '2024-09-05 06:17:01',
        '2024-09-05 06:17:01'
    ),
    (
        '69adaf7a-7fa5-4c75-b2c6-5e80b911ebdb',
        'ad7178c9-615a-4040-b90f-52f32381a63f',
        '2024-03-07 00:00:00',
        1,
        0,
        0,
        NULL,
        'Admin',
        NULL,
        '2024-09-05 06:17:01',
        '2024-09-05 06:17:01'
    ),
    (
        '6a787499-7be8-49c3-99ec-8ee83dc35fc9',
        '1708dc66-d1d3-4c00-a15c-c8041ec2a213',
        '2024-02-26 00:00:00',
        1,
        0,
        0,
        NULL,
        'Admin',
        NULL,
        '2024-09-05 06:17:01',
        '2024-09-05 06:17:01'
    ),
    (
        '6af49e6f-3987-4d23-b911-8e2758b019ba',
        'ad7178c9-615a-4040-b90f-52f32381a63f',
        '2024-03-10 00:00:00',
        0,
        1,
        0,
        NULL,
        'Admin',
        NULL,
        '2024-09-05 06:17:01',
        '2024-09-05 06:17:01'
    ),
    (
        '6b13b397-5840-45f2-9618-1e587a0db0ff',
        'ad7178c9-615a-4040-b90f-52f32381a63f',
        '2024-03-04 00:00:00',
        1,
        0,
        0,
        NULL,
        'Admin',
        NULL,
        '2024-09-05 06:17:01',
        '2024-09-05 06:17:01'
    ),
    (
        '6b402133-94e9-4743-94c7-9982adea4d9e',
        '70538a19-7704-4fe0-a1e1-8ae4d317317e',
        '2024-10-28 00:00:00',
        1,
        0,
        0,
        NULL,
        'Admin',
        NULL,
        '2024-09-05 06:17:01',
        '2024-09-05 06:17:01'
    ),
    (
        '6cec117e-3a3f-4a7d-9b20-db9ebee2270d',
        'ad7178c9-615a-4040-b90f-52f32381a63f',
        '2024-03-28 00:00:00',
        1,
        0,
        0,
        NULL,
        'Admin',
        NULL,
        '2024-09-05 06:17:01',
        '2024-09-05 06:17:01'
    ),
    (
        '6d43bfd1-194f-4bd8-9dd0-aebaaedb4d6b',
        '1708dc66-d1d3-4c00-a15c-c8041ec2a213',
        '2024-02-13 00:00:00',
        1,
        0,
        0,
        NULL,
        'Admin',
        NULL,
        '2024-09-05 06:17:01',
        '2024-09-05 06:17:01'
    ),
    (
        '6d8d0a9c-5457-459e-90bc-7a35405b3907',
        '31c28662-f811-4e77-9034-a109bb6d6774',
        '2024-05-21 00:00:00',
        1,
        0,
        0,
        NULL,
        'Admin',
        NULL,
        '2024-09-05 06:17:01',
        '2024-09-05 06:17:01'
    ),
    (
        '6dda0d45-5d5d-4a3b-bdd1-46f5d5cc47b3',
        '1708dc66-d1d3-4c00-a15c-c8041ec2a213',
        '2024-02-22 00:00:00',
        1,
        0,
        0,
        NULL,
        'Admin',
        NULL,
        '2024-09-05 06:17:01',
        '2024-09-05 06:17:01'
    ),
    (
        '6dfa9aec-8b91-42e3-b5c6-25958fc8f5ae',
        '8c8759c2-c9aa-4b1a-84d8-24d589d28215',
        '2024-06-08 00:00:00',
        1,
        0,
        0,
        NULL,
        'Admin',
        NULL,
        '2024-09-05 06:17:01',
        '2024-09-05 06:17:01'
    ),
    (
        '6eaf2ffd-bb31-4f4f-8b9e-2f93d27e87df',
        '38d93c22-a7e4-44bf-b227-eec29ce507a3',
        '2024-04-18 00:00:00',
        1,
        0,
        0,
        NULL,
        'Admin',
        NULL,
        '2024-09-05 06:17:01',
        '2024-09-05 06:17:01'
    ),
    (
        '70a90047-afa1-4ab1-9b9d-65c15590e937',
        '70538a19-7704-4fe0-a1e1-8ae4d317317e',
        '2024-10-30 00:00:00',
        1,
        0,
        0,
        NULL,
        'Admin',
        NULL,
        '2024-09-05 06:17:01',
        '2024-09-05 06:17:01'
    ),
    (
        '70b244c7-1d10-408e-b779-774221481af5',
        'afaa12e1-ca88-4cfa-8a7f-cb908a20c5ed',
        '2024-12-15 00:00:00',
        0,
        1,
        0,
        NULL,
        'Admin',
        NULL,
        '2024-09-05 06:17:01',
        '2024-09-05 06:17:01'
    ),
    (
        '70d6bcea-72cf-460c-8a08-7ca62fc3813c',
        '31c28662-f811-4e77-9034-a109bb6d6774',
        '2024-05-04 00:00:00',
        1,
        0,
        0,
        NULL,
        'Admin',
        NULL,
        '2024-09-05 06:17:01',
        '2024-09-05 06:17:01'
    ),
    (
        '70e39dad-b2f5-44e5-9d71-25476b5e0f00',
        '6f36871f-2417-488b-a530-b7991e477f7c',
        '2024-08-24 00:00:00',
        1,
        0,
        0,
        NULL,
        'Admin',
        NULL,
        '2024-09-05 06:17:01',
        '2024-09-05 06:17:01'
    ),
    (
        '710f8154-5638-443b-9fe3-c7a41c516cea',
        '38d93c22-a7e4-44bf-b227-eec29ce507a3',
        '2024-04-20 00:00:00',
        1,
        0,
        0,
        NULL,
        'Admin',
        NULL,
        '2024-09-05 06:17:01',
        '2024-09-05 06:17:01'
    ),
    (
        '71334e65-b647-4bee-bb21-4757c45641a1',
        '70538a19-7704-4fe0-a1e1-8ae4d317317e',
        '2024-10-13 00:00:00',
        0,
        1,
        0,
        NULL,
        'Admin',
        NULL,
        '2024-09-05 06:17:01',
        '2024-09-05 06:17:01'
    ),
    (
        '721bc9a9-b90d-4b47-aaa0-2bd40e9daf2e',
        'afaa12e1-ca88-4cfa-8a7f-cb908a20c5ed',
        '2024-12-22 00:00:00',
        0,
        1,
        0,
        NULL,
        'Admin',
        NULL,
        '2024-09-05 06:17:01',
        '2024-09-05 06:17:01'
    ),
    (
        '724271c0-260d-4851-b0dc-4e1e99d58be4',
        '62a288fb-f48b-4651-9e92-c6ae4ea5709d',
        '2024-07-08 00:00:00',
        1,
        0,
        0,
        NULL,
        'Admin',
        NULL,
        '2024-09-05 06:17:01',
        '2024-09-05 06:17:01'
    ),
    (
        '72e69f97-06eb-4127-bf94-41759a8f7545',
        '1eacfdff-a5b8-4987-85e9-a13a522b2042',
        '2024-09-05 00:00:00',
        1,
        0,
        0,
        NULL,
        'Admin',
        NULL,
        '2024-09-05 06:17:01',
        '2024-09-05 06:17:01'
    ),
    (
        '7392b42c-ff26-4a9f-adae-033cbc30f90d',
        '62a288fb-f48b-4651-9e92-c6ae4ea5709d',
        '2024-07-29 00:00:00',
        1,
        0,
        0,
        NULL,
        'Admin',
        NULL,
        '2024-09-05 06:17:01',
        '2024-09-05 06:17:01'
    ),
    (
        '746375ed-1036-4bca-ad43-c725bae40f1d',
        'afaa12e1-ca88-4cfa-8a7f-cb908a20c5ed',
        '2024-12-17 00:00:00',
        1,
        0,
        0,
        NULL,
        'Admin',
        NULL,
        '2024-09-05 06:17:01',
        '2024-09-05 06:17:01'
    ),
    (
        '75211998-36e4-493a-b0df-ab45bcd39042',
        '824e2c0a-4c90-41fe-929c-012cb425b82f',
        '2024-01-02 00:00:00',
        1,
        0,
        0,
        NULL,
        'Admin',
        NULL,
        '2024-09-05 06:17:01',
        '2024-09-05 06:17:01'
    ),
    (
        '75a4f911-e088-44de-925a-6cd64208170b',
        '1eacfdff-a5b8-4987-85e9-a13a522b2042',
        '2024-09-21 00:00:00',
        1,
        0,
        0,
        NULL,
        'Admin',
        NULL,
        '2024-09-05 06:17:01',
        '2024-09-05 06:17:01'
    ),
    (
        '75bcf6a8-c4ee-4d25-a29f-6c73676ff3b1',
        'ad7178c9-615a-4040-b90f-52f32381a63f',
        '2024-03-03 00:00:00',
        0,
        1,
        0,
        NULL,
        'Admin',
        NULL,
        '2024-09-05 06:17:01',
        '2024-09-05 06:17:01'
    ),
    (
        '766d503f-4577-465e-95cb-5daf392aef03',
        '62a288fb-f48b-4651-9e92-c6ae4ea5709d',
        '2024-07-30 00:00:00',
        1,
        0,
        0,
        NULL,
        'Admin',
        NULL,
        '2024-09-05 06:17:01',
        '2024-09-05 06:17:01'
    ),
    (
        '7676f162-54eb-4b9c-b45b-608fa8b6fc4f',
        '824e2c0a-4c90-41fe-929c-012cb425b82f',
        '2024-01-20 00:00:00',
        1,
        0,
        0,
        NULL,
        'Admin',
        NULL,
        '2024-09-05 06:17:01',
        '2024-09-05 06:17:01'
    ),
    (
        '77572362-7b44-414b-8a3d-f355ffdf7761',
        '31c28662-f811-4e77-9034-a109bb6d6774',
        '2024-05-08 00:00:00',
        1,
        0,
        0,
        NULL,
        'Admin',
        NULL,
        '2024-09-05 06:17:01',
        '2024-09-05 06:17:01'
    ),
    (
        '79415683-2b13-4363-b4f7-0598068cff81',
        '8c8759c2-c9aa-4b1a-84d8-24d589d28215',
        '2024-06-05 00:00:00',
        1,
        0,
        0,
        NULL,
        'Admin',
        NULL,
        '2024-09-05 06:17:01',
        '2024-09-05 06:17:01'
    ),
    (
        '7a2062b7-c813-4fdb-8b23-7fe30836164b',
        '824e2c0a-4c90-41fe-929c-012cb425b82f',
        '2024-01-17 00:00:00',
        1,
        0,
        0,
        NULL,
        'Admin',
        NULL,
        '2024-09-05 06:17:01',
        '2024-09-05 06:17:01'
    ),
    (
        '7a7fad40-3332-44ee-aa6a-f9afcd2b908d',
        '6f36871f-2417-488b-a530-b7991e477f7c',
        '2024-08-08 00:00:00',
        1,
        0,
        0,
        NULL,
        'Admin',
        NULL,
        '2024-09-05 06:17:01',
        '2024-09-05 06:17:01'
    ),
    (
        '7ae06b67-7d43-4ff2-b993-1e34eca3cf9b',
        '38d93c22-a7e4-44bf-b227-eec29ce507a3',
        '2024-04-23 00:00:00',
        1,
        0,
        0,
        NULL,
        'Admin',
        NULL,
        '2024-09-05 06:17:01',
        '2024-09-05 06:17:01'
    ),
    (
        '7b344632-4ecf-4f32-b967-c09231ef74dd',
        '38d93c22-a7e4-44bf-b227-eec29ce507a3',
        '2024-04-27 00:00:00',
        1,
        0,
        0,
        NULL,
        'Admin',
        NULL,
        '2024-09-05 06:17:01',
        '2024-09-05 06:17:01'
    ),
    (
        '7b34974f-d7f6-478a-ab53-e0fe84484e6a',
        '62a288fb-f48b-4651-9e92-c6ae4ea5709d',
        '2024-07-17 00:00:00',
        1,
        0,
        0,
        NULL,
        'Admin',
        NULL,
        '2024-09-05 06:17:01',
        '2024-09-05 06:17:01'
    ),
    (
        '7c076cdb-e678-4dbc-8197-a4ec3fc8efe8',
        '6f36871f-2417-488b-a530-b7991e477f7c',
        '2024-08-20 00:00:00',
        1,
        0,
        0,
        NULL,
        'Admin',
        NULL,
        '2024-09-05 06:17:01',
        '2024-09-05 06:17:01'
    ),
    (
        '7c918c1c-20d8-4881-b2a8-d01fab9212a7',
        '8c8759c2-c9aa-4b1a-84d8-24d589d28215',
        '2024-06-06 00:00:00',
        1,
        0,
        0,
        NULL,
        'Admin',
        NULL,
        '2024-09-05 06:17:01',
        '2024-09-05 06:17:01'
    ),
    (
        '7e0d0309-8e3a-4df8-a352-73a16bb43656',
        'ef72fffd-343d-47db-8a54-2ef24bc2ab77',
        '2024-11-30 00:00:00',
        1,
        0,
        0,
        NULL,
        'Admin',
        NULL,
        '2024-09-05 06:17:01',
        '2024-09-05 06:17:01'
    ),
    (
        '7e384c91-cece-4b1e-ad18-3a9dee37d683',
        '31c28662-f811-4e77-9034-a109bb6d6774',
        '2024-05-17 00:00:00',
        1,
        0,
        0,
        NULL,
        'Admin',
        NULL,
        '2024-09-05 06:17:01',
        '2024-09-05 06:17:01'
    ),
    (
        '7f2f0510-d80f-4d8b-a8b2-b0248a6c72a6',
        '824e2c0a-4c90-41fe-929c-012cb425b82f',
        '2024-01-29 00:00:00',
        1,
        0,
        0,
        NULL,
        'Admin',
        NULL,
        '2024-09-05 06:17:01',
        '2024-09-05 06:17:01'
    ),
    (
        '7fd8a949-9f8f-455a-8cf3-8de23a979716',
        '6f36871f-2417-488b-a530-b7991e477f7c',
        '2024-08-23 00:00:00',
        1,
        0,
        0,
        NULL,
        'Admin',
        NULL,
        '2024-09-05 06:17:01',
        '2024-09-05 06:17:01'
    ),
    (
        '802b1fb6-6efd-4f9f-82dd-c68741fc15a1',
        '1eacfdff-a5b8-4987-85e9-a13a522b2042',
        '2024-09-19 00:00:00',
        1,
        0,
        0,
        NULL,
        'Admin',
        NULL,
        '2024-09-05 06:17:01',
        '2024-09-05 06:17:01'
    ),
    (
        '806adb70-f258-4485-9013-9f12ac5eb2af',
        '824e2c0a-4c90-41fe-929c-012cb425b82f',
        '2024-01-06 00:00:00',
        1,
        0,
        0,
        NULL,
        'Admin',
        NULL,
        '2024-09-05 06:17:01',
        '2024-09-05 06:17:01'
    ),
    (
        '8077d059-884c-4fb3-884f-908b77a754ab',
        '1eacfdff-a5b8-4987-85e9-a13a522b2042',
        '2024-09-01 00:00:00',
        0,
        1,
        0,
        NULL,
        'Admin',
        NULL,
        '2024-09-05 06:17:01',
        '2024-09-05 06:17:01'
    ),
    (
        '8248c2cc-bf48-4a8b-bc1a-f7deef3aa8a2',
        '62a288fb-f48b-4651-9e92-c6ae4ea5709d',
        '2024-07-18 00:00:00',
        1,
        0,
        0,
        NULL,
        'Admin',
        NULL,
        '2024-09-05 06:17:01',
        '2024-09-05 06:17:01'
    ),
    (
        '82fbf893-8f90-458e-a5ce-89415c76aa9d',
        '1708dc66-d1d3-4c00-a15c-c8041ec2a213',
        '2024-02-29 00:00:00',
        1,
        0,
        0,
        NULL,
        'Admin',
        NULL,
        '2024-09-05 06:17:01',
        '2024-09-05 06:17:01'
    ),
    (
        '8375ffaf-2a98-4b3a-a545-f5436fb26290',
        '6f36871f-2417-488b-a530-b7991e477f7c',
        '2024-08-27 00:00:00',
        1,
        0,
        0,
        NULL,
        'Admin',
        NULL,
        '2024-09-05 06:17:01',
        '2024-09-05 06:17:01'
    ),
    (
        '83b7d6f1-3f4c-4986-b572-b032d9402deb',
        '6f36871f-2417-488b-a530-b7991e477f7c',
        '2024-08-25 00:00:00',
        0,
        1,
        0,
        NULL,
        'Admin',
        NULL,
        '2024-09-05 06:17:01',
        '2024-09-05 06:17:01'
    ),
    (
        '83d50df4-2e58-47f2-909a-5d5c9b98f0e2',
        '824e2c0a-4c90-41fe-929c-012cb425b82f',
        '2024-01-23 00:00:00',
        1,
        0,
        0,
        NULL,
        'Admin',
        NULL,
        '2024-09-05 06:17:01',
        '2024-09-05 06:17:01'
    ),
    (
        '8470454d-d0c9-436f-96e2-a24600415956',
        '8c8759c2-c9aa-4b1a-84d8-24d589d28215',
        '2024-06-24 00:00:00',
        1,
        0,
        0,
        NULL,
        'Admin',
        NULL,
        '2024-09-05 06:17:01',
        '2024-09-05 06:17:01'
    ),
    (
        '8581f141-3ab9-45e1-b557-639c2783f177',
        '70538a19-7704-4fe0-a1e1-8ae4d317317e',
        '2024-10-25 00:00:00',
        1,
        0,
        0,
        NULL,
        'Admin',
        NULL,
        '2024-09-05 06:17:01',
        '2024-09-05 06:17:01'
    ),
    (
        '862e6fbc-cb64-4797-afa9-5a80e2784775',
        'ad7178c9-615a-4040-b90f-52f32381a63f',
        '2024-03-29 00:00:00',
        1,
        0,
        0,
        NULL,
        'Admin',
        NULL,
        '2024-09-05 06:17:01',
        '2024-09-05 06:17:01'
    ),
    (
        '881b63d7-cce1-4c14-886a-78402f6cc585',
        '8c8759c2-c9aa-4b1a-84d8-24d589d28215',
        '2024-06-22 00:00:00',
        1,
        0,
        0,
        NULL,
        'Admin',
        NULL,
        '2024-09-05 06:17:01',
        '2024-09-05 06:17:01'
    ),
    (
        '881f4b19-93a7-46a3-b6db-365fd47e8a6e',
        '70538a19-7704-4fe0-a1e1-8ae4d317317e',
        '2024-10-14 00:00:00',
        1,
        0,
        0,
        NULL,
        'Admin',
        NULL,
        '2024-09-05 06:17:01',
        '2024-09-05 06:17:01'
    ),
    (
        '890933e8-6a98-4210-bc08-289cea99a1fd',
        '38d93c22-a7e4-44bf-b227-eec29ce507a3',
        '2024-04-14 00:00:00',
        0,
        1,
        0,
        NULL,
        'Admin',
        NULL,
        '2024-09-05 06:17:01',
        '2024-09-05 06:17:01'
    ),
    (
        '8940ba5d-2a62-48ed-bbff-829d1892e496',
        '824e2c0a-4c90-41fe-929c-012cb425b82f',
        '2024-01-24 00:00:00',
        1,
        0,
        0,
        NULL,
        'Admin',
        NULL,
        '2024-09-05 06:17:01',
        '2024-09-05 06:17:01'
    ),
    (
        '89799f27-3284-466b-99c6-94f90f5eb1e4',
        '8c8759c2-c9aa-4b1a-84d8-24d589d28215',
        '2024-06-03 00:00:00',
        1,
        0,
        0,
        NULL,
        'Admin',
        NULL,
        '2024-09-05 06:17:01',
        '2024-09-05 06:17:01'
    ),
    (
        '8a63ec96-a4c2-41e9-bbd9-385f23b7ee7a',
        '31c28662-f811-4e77-9034-a109bb6d6774',
        '2024-05-12 00:00:00',
        0,
        1,
        0,
        NULL,
        'Admin',
        NULL,
        '2024-09-05 06:17:01',
        '2024-09-05 06:17:01'
    ),
    (
        '8bb7b125-fa9c-4e27-8e54-0c46012cec45',
        '8c8759c2-c9aa-4b1a-84d8-24d589d28215',
        '2024-06-23 00:00:00',
        0,
        1,
        0,
        NULL,
        'Admin',
        NULL,
        '2024-09-05 06:17:01',
        '2024-09-05 06:17:01'
    ),
    (
        '8be16cc7-5e8a-4906-9e0c-f49e9ff47f20',
        'ef72fffd-343d-47db-8a54-2ef24bc2ab77',
        '2024-11-10 00:00:00',
        0,
        1,
        0,
        NULL,
        'Admin',
        NULL,
        '2024-09-05 06:17:01',
        '2024-09-05 06:17:01'
    ),
    (
        '9025f4ba-e8e0-48f5-997d-51a272599c37',
        '62a288fb-f48b-4651-9e92-c6ae4ea5709d',
        '2024-07-21 00:00:00',
        0,
        1,
        0,
        NULL,
        'Admin',
        NULL,
        '2024-09-05 06:17:01',
        '2024-09-05 06:17:01'
    ),
    (
        '90bcc541-036d-4901-9bb3-b98979a9deb3',
        '1708dc66-d1d3-4c00-a15c-c8041ec2a213',
        '2024-02-11 00:00:00',
        0,
        1,
        0,
        NULL,
        'Admin',
        NULL,
        '2024-09-05 06:17:01',
        '2024-09-05 06:17:01'
    ),
    (
        '91ae062c-6d69-4f5f-b176-70e11dcc3d1e',
        '824e2c0a-4c90-41fe-929c-012cb425b82f',
        '2024-01-09 00:00:00',
        1,
        0,
        0,
        NULL,
        'Admin',
        NULL,
        '2024-09-05 06:17:01',
        '2024-09-05 06:17:01'
    ),
    (
        '91c8a10e-130d-4ea6-acb5-35a0c3143d2e',
        '6f36871f-2417-488b-a530-b7991e477f7c',
        '2024-08-02 00:00:00',
        1,
        0,
        0,
        NULL,
        'Admin',
        NULL,
        '2024-09-05 06:17:01',
        '2024-09-05 06:17:01'
    ),
    (
        '91f383af-50e7-41b0-89e7-d890b0a12e84',
        '1708dc66-d1d3-4c00-a15c-c8041ec2a213',
        '2024-02-01 00:00:00',
        1,
        0,
        0,
        NULL,
        'Admin',
        NULL,
        '2024-09-05 06:17:01',
        '2024-09-05 06:17:01'
    ),
    (
        '925490cc-7824-4a03-9db7-45e985870681',
        '38d93c22-a7e4-44bf-b227-eec29ce507a3',
        '2024-04-16 00:00:00',
        1,
        0,
        0,
        NULL,
        'Admin',
        NULL,
        '2024-09-05 06:17:01',
        '2024-09-05 06:17:01'
    ),
    (
        '93eecf15-0d1a-40f6-8caf-5f5ffff341aa',
        'afaa12e1-ca88-4cfa-8a7f-cb908a20c5ed',
        '2024-12-05 00:00:00',
        1,
        0,
        0,
        NULL,
        'Admin',
        NULL,
        '2024-09-05 06:17:01',
        '2024-09-05 06:17:01'
    ),
    (
        '954d49d7-6dc0-4b32-a3ed-cc8c64175eff',
        '1eacfdff-a5b8-4987-85e9-a13a522b2042',
        '2024-09-25 00:00:00',
        1,
        0,
        0,
        NULL,
        'Admin',
        NULL,
        '2024-09-05 06:17:01',
        '2024-09-05 06:17:01'
    ),
    (
        '95a12aaf-6450-42d5-8c46-5293d6ddfddf',
        '38d93c22-a7e4-44bf-b227-eec29ce507a3',
        '2024-04-11 00:00:00',
        1,
        0,
        0,
        NULL,
        'Admin',
        NULL,
        '2024-09-05 06:17:01',
        '2024-09-05 06:17:01'
    ),
    (
        '95e2bc97-e264-428a-8bf8-dec33b78f07c',
        '1eacfdff-a5b8-4987-85e9-a13a522b2042',
        '2024-09-18 00:00:00',
        1,
        0,
        0,
        NULL,
        'Admin',
        NULL,
        '2024-09-05 06:17:01',
        '2024-09-05 06:17:01'
    ),
    (
        '9699d792-707d-4128-9066-a2a0a3b42f31',
        '8c8759c2-c9aa-4b1a-84d8-24d589d28215',
        '2024-06-11 00:00:00',
        1,
        0,
        0,
        NULL,
        'Admin',
        NULL,
        '2024-09-05 06:17:01',
        '2024-09-05 06:17:01'
    ),
    (
        '96f72fe4-2050-487f-974c-a08d826af06d',
        '1708dc66-d1d3-4c00-a15c-c8041ec2a213',
        '2024-02-16 00:00:00',
        1,
        0,
        0,
        NULL,
        'Admin',
        NULL,
        '2024-09-05 06:17:01',
        '2024-09-05 06:17:01'
    ),
    (
        '96fade52-1a77-41cc-b69b-e7a0f247ee6e',
        '1708dc66-d1d3-4c00-a15c-c8041ec2a213',
        '2024-02-19 00:00:00',
        1,
        0,
        0,
        NULL,
        'Admin',
        NULL,
        '2024-09-05 06:17:01',
        '2024-09-05 06:17:01'
    ),
    (
        '988fbc3b-2f43-46b1-a7f6-17894b90083b',
        '1708dc66-d1d3-4c00-a15c-c8041ec2a213',
        '2024-02-21 00:00:00',
        1,
        0,
        0,
        NULL,
        'Admin',
        NULL,
        '2024-09-05 06:17:01',
        '2024-09-05 06:17:01'
    ),
    (
        '98a55c81-a1e2-45fb-9281-1541de2d983e',
        '8c8759c2-c9aa-4b1a-84d8-24d589d28215',
        '2024-06-21 00:00:00',
        1,
        0,
        0,
        NULL,
        'Admin',
        NULL,
        '2024-09-05 06:17:01',
        '2024-09-05 06:17:01'
    ),
    (
        '98c9acb0-ed2a-4865-adf3-29743854f4de',
        'afaa12e1-ca88-4cfa-8a7f-cb908a20c5ed',
        '2024-12-13 00:00:00',
        1,
        0,
        0,
        NULL,
        'Admin',
        NULL,
        '2024-09-05 06:17:01',
        '2024-09-05 06:17:01'
    ),
    (
        '9a2632a0-bc22-4d9f-8d5e-5a336f5c7456',
        'ef72fffd-343d-47db-8a54-2ef24bc2ab77',
        '2024-11-22 00:00:00',
        1,
        0,
        0,
        NULL,
        'Admin',
        NULL,
        '2024-09-05 06:17:01',
        '2024-09-05 06:17:01'
    ),
    (
        '9be8ab23-1cae-4f36-9c20-0a0d168b2bfe',
        '6f36871f-2417-488b-a530-b7991e477f7c',
        '2024-08-05 00:00:00',
        1,
        0,
        0,
        NULL,
        'Admin',
        NULL,
        '2024-09-05 06:17:01',
        '2024-09-05 06:17:01'
    ),
    (
        '9d35d5c0-5029-4d32-89df-73f11d6ea20f',
        '38d93c22-a7e4-44bf-b227-eec29ce507a3',
        '2024-04-09 00:00:00',
        1,
        0,
        0,
        NULL,
        'Admin',
        NULL,
        '2024-09-05 06:17:01',
        '2024-09-05 06:17:01'
    ),
    (
        '9d72ac91-1e1b-4803-a116-684d9d88c8fa',
        '38d93c22-a7e4-44bf-b227-eec29ce507a3',
        '2024-04-19 00:00:00',
        1,
        0,
        0,
        NULL,
        'Admin',
        NULL,
        '2024-09-05 06:17:01',
        '2024-09-05 06:17:01'
    ),
    (
        '9d7bdca4-492d-49fd-bb88-a2a87415fa30',
        '70538a19-7704-4fe0-a1e1-8ae4d317317e',
        '2024-10-16 00:00:00',
        1,
        0,
        0,
        NULL,
        'Admin',
        NULL,
        '2024-09-05 06:17:01',
        '2024-09-05 06:17:01'
    ),
    (
        '9d89bf3a-9ecd-46c1-ae2b-b20880c8b6ae',
        'ad7178c9-615a-4040-b90f-52f32381a63f',
        '2024-03-19 00:00:00',
        1,
        0,
        0,
        NULL,
        'Admin',
        NULL,
        '2024-09-05 06:17:01',
        '2024-09-05 06:17:01'
    ),
    (
        '9e2158ad-5f81-47b3-9fcd-7288b06c82fb',
        '38d93c22-a7e4-44bf-b227-eec29ce507a3',
        '2024-04-06 00:00:00',
        1,
        0,
        0,
        NULL,
        'Admin',
        NULL,
        '2024-09-05 06:17:01',
        '2024-09-05 06:17:01'
    ),
    (
        'a4118a28-21bb-47af-9aa9-728352d5c42e',
        'afaa12e1-ca88-4cfa-8a7f-cb908a20c5ed',
        '2024-12-11 00:00:00',
        1,
        0,
        0,
        NULL,
        'Admin',
        NULL,
        '2024-09-05 06:17:01',
        '2024-09-05 06:17:01'
    ),
    (
        'a723efe3-8694-4a29-8dd2-d732d1ed7d53',
        'ad7178c9-615a-4040-b90f-52f32381a63f',
        '2024-03-01 00:00:00',
        1,
        0,
        0,
        NULL,
        'Admin',
        NULL,
        '2024-09-05 06:17:01',
        '2024-09-05 06:17:01'
    ),
    (
        'a74a8d25-9536-4d32-899c-1ad7caa707d2',
        '1708dc66-d1d3-4c00-a15c-c8041ec2a213',
        '2024-02-10 00:00:00',
        1,
        0,
        0,
        NULL,
        'Admin',
        NULL,
        '2024-09-05 06:17:01',
        '2024-09-05 06:17:01'
    ),
    (
        'a7dfa151-1815-4a1e-81df-68d53f563579',
        '62a288fb-f48b-4651-9e92-c6ae4ea5709d',
        '2024-07-31 00:00:00',
        1,
        0,
        0,
        NULL,
        'Admin',
        NULL,
        '2024-09-05 06:17:01',
        '2024-09-05 06:17:01'
    ),
    (
        'a8f4d1a7-ce6a-47c5-b7bb-5f34f0a6fdfe',
        'ef72fffd-343d-47db-8a54-2ef24bc2ab77',
        '2024-11-04 00:00:00',
        1,
        0,
        0,
        NULL,
        'Admin',
        NULL,
        '2024-09-05 06:17:01',
        '2024-09-05 06:17:01'
    ),
    (
        'a8ff4ed1-bfa0-4874-8f4e-cdfbbaf411b1',
        '1eacfdff-a5b8-4987-85e9-a13a522b2042',
        '2024-09-22 00:00:00',
        0,
        1,
        0,
        NULL,
        'Admin',
        NULL,
        '2024-09-05 06:17:01',
        '2024-09-05 06:17:01'
    ),
    (
        'a90e0b9e-ace3-47e0-bec8-85b1593420ac',
        '70538a19-7704-4fe0-a1e1-8ae4d317317e',
        '2024-10-15 00:00:00',
        1,
        0,
        0,
        NULL,
        'Admin',
        NULL,
        '2024-09-05 06:17:01',
        '2024-09-05 06:17:01'
    ),
    (
        'a9d6a3b6-4879-4f59-b08f-b12155eb88b7',
        '824e2c0a-4c90-41fe-929c-012cb425b82f',
        '2024-01-30 00:00:00',
        1,
        0,
        0,
        NULL,
        'Admin',
        NULL,
        '2024-09-05 06:17:01',
        '2024-09-05 06:17:01'
    ),
    (
        'aaccf0f0-d8bc-4f12-b4c3-1a92be48939b',
        'afaa12e1-ca88-4cfa-8a7f-cb908a20c5ed',
        '2024-12-12 00:00:00',
        1,
        0,
        0,
        NULL,
        'Admin',
        NULL,
        '2024-09-05 06:17:01',
        '2024-09-05 06:17:01'
    ),
    (
        'aad0f325-c735-43bc-a208-0e13293b47f9',
        '1eacfdff-a5b8-4987-85e9-a13a522b2042',
        '2024-09-17 00:00:00',
        1,
        0,
        0,
        NULL,
        'Admin',
        NULL,
        '2024-09-05 06:17:01',
        '2024-09-05 06:17:01'
    ),
    (
        'ac833f06-52ff-4a74-8fa8-682fb3b387f6',
        '38d93c22-a7e4-44bf-b227-eec29ce507a3',
        '2024-04-10 00:00:00',
        1,
        0,
        0,
        NULL,
        'Admin',
        NULL,
        '2024-09-05 06:17:01',
        '2024-09-05 06:17:01'
    ),
    (
        'ac8f4818-f195-4c8c-a740-92ea76ffcb43',
        '8c8759c2-c9aa-4b1a-84d8-24d589d28215',
        '2024-06-29 00:00:00',
        1,
        0,
        0,
        NULL,
        'Admin',
        NULL,
        '2024-09-05 06:17:01',
        '2024-09-05 06:17:01'
    ),
    (
        'aca1143e-621c-40a7-a4ea-2c9632c45a6d',
        'afaa12e1-ca88-4cfa-8a7f-cb908a20c5ed',
        '2024-12-09 00:00:00',
        1,
        0,
        0,
        NULL,
        'Admin',
        NULL,
        '2024-09-05 06:17:01',
        '2024-09-05 06:17:01'
    ),
    (
        'adf3fe6e-4afb-4288-aaa8-dd2eeba52b94',
        'afaa12e1-ca88-4cfa-8a7f-cb908a20c5ed',
        '2024-12-28 00:00:00',
        1,
        0,
        0,
        NULL,
        'Admin',
        NULL,
        '2024-09-05 06:17:01',
        '2024-09-05 06:17:01'
    ),
    (
        'adf42e9d-3f0f-4b5c-bdfd-2af89f8bae21',
        '70538a19-7704-4fe0-a1e1-8ae4d317317e',
        '2024-10-10 00:00:00',
        1,
        0,
        0,
        NULL,
        'Admin',
        NULL,
        '2024-09-05 06:17:01',
        '2024-09-05 06:17:01'
    ),
    (
        'ae6e9d5b-8150-4736-a0c6-9cde5b8bfcd4',
        '824e2c0a-4c90-41fe-929c-012cb425b82f',
        '2024-01-25 00:00:00',
        1,
        0,
        0,
        NULL,
        'Admin',
        NULL,
        '2024-09-05 06:17:01',
        '2024-09-05 06:17:01'
    ),
    (
        'ae8377a4-7e0f-4ea6-9e91-c6b2d5dc2b5e',
        'ef72fffd-343d-47db-8a54-2ef24bc2ab77',
        '2024-11-20 00:00:00',
        1,
        0,
        0,
        NULL,
        'Admin',
        NULL,
        '2024-09-05 06:17:01',
        '2024-09-05 06:17:01'
    ),
    (
        'af2a4ebf-234f-4b2b-90bd-c3addb1dc763',
        'afaa12e1-ca88-4cfa-8a7f-cb908a20c5ed',
        '2024-12-06 00:00:00',
        1,
        0,
        0,
        NULL,
        'Admin',
        NULL,
        '2024-09-05 06:17:01',
        '2024-09-05 06:17:01'
    ),
    (
        'afbddfc1-8086-4e0b-a32e-97003cd1a9cb',
        '1eacfdff-a5b8-4987-85e9-a13a522b2042',
        '2024-09-02 00:00:00',
        1,
        0,
        0,
        NULL,
        'Admin',
        NULL,
        '2024-09-05 06:17:01',
        '2024-09-05 06:17:01'
    ),
    (
        'afee2716-30ab-4df9-b804-ec45c77cd2ee',
        'ad7178c9-615a-4040-b90f-52f32381a63f',
        '2024-03-23 00:00:00',
        1,
        0,
        0,
        NULL,
        'Admin',
        NULL,
        '2024-09-05 06:17:01',
        '2024-09-05 06:17:01'
    ),
    (
        'b0d27410-0f9c-4bb3-8040-4878da985139',
        '70538a19-7704-4fe0-a1e1-8ae4d317317e',
        '2024-10-21 00:00:00',
        1,
        0,
        0,
        NULL,
        'Admin',
        NULL,
        '2024-09-05 06:17:01',
        '2024-09-05 06:17:01'
    ),
    (
        'b0de7e07-29a8-4ab0-b36c-156a2f1a5e7b',
        '8c8759c2-c9aa-4b1a-84d8-24d589d28215',
        '2024-06-15 00:00:00',
        1,
        0,
        0,
        NULL,
        'Admin',
        NULL,
        '2024-09-05 06:17:01',
        '2024-09-05 06:17:01'
    ),
    (
        'b202765c-4ac7-44b7-9077-e7dd69f2a5b2',
        '31c28662-f811-4e77-9034-a109bb6d6774',
        '2024-05-30 00:00:00',
        1,
        0,
        0,
        NULL,
        'Admin',
        NULL,
        '2024-09-05 06:17:01',
        '2024-09-05 06:17:01'
    ),
    (
        'b2752369-2470-4e70-b0e1-dbb0c4f383bd',
        '1708dc66-d1d3-4c00-a15c-c8041ec2a213',
        '2024-02-12 00:00:00',
        1,
        0,
        0,
        NULL,
        'Admin',
        NULL,
        '2024-09-05 06:17:01',
        '2024-09-05 06:17:01'
    ),
    (
        'b5982ec4-60ce-4e8d-ab64-6f302b43e4cd',
        'ad7178c9-615a-4040-b90f-52f32381a63f',
        '2024-03-25 00:00:00',
        1,
        0,
        0,
        NULL,
        'Admin',
        NULL,
        '2024-09-05 06:17:01',
        '2024-09-05 06:17:01'
    ),
    (
        'b6cfa2d7-6391-41b7-b4e2-bea318028dfc',
        '8c8759c2-c9aa-4b1a-84d8-24d589d28215',
        '2024-06-18 00:00:00',
        1,
        0,
        0,
        NULL,
        'Admin',
        NULL,
        '2024-09-05 06:17:01',
        '2024-09-05 06:17:01'
    ),
    (
        'b7aa0a53-6043-4469-a180-76f59d5b9c45',
        '8c8759c2-c9aa-4b1a-84d8-24d589d28215',
        '2024-06-09 00:00:00',
        0,
        1,
        0,
        NULL,
        'Admin',
        NULL,
        '2024-09-05 06:17:01',
        '2024-09-05 06:17:01'
    ),
    (
        'b880df80-913b-483d-8ee4-aa60c9f56c2a',
        'afaa12e1-ca88-4cfa-8a7f-cb908a20c5ed',
        '2024-12-02 00:00:00',
        1,
        0,
        0,
        NULL,
        'Admin',
        NULL,
        '2024-09-05 06:17:01',
        '2024-09-05 06:17:01'
    ),
    (
        'b929a477-2afd-4bd4-a39e-726219ee1f06',
        'ad7178c9-615a-4040-b90f-52f32381a63f',
        '2024-03-13 00:00:00',
        1,
        0,
        0,
        NULL,
        'Admin',
        NULL,
        '2024-09-05 06:17:01',
        '2024-09-05 06:17:01'
    ),
    (
        'ba1d9fc8-f390-4953-b9d7-55f03fc3cc8c',
        'ad7178c9-615a-4040-b90f-52f32381a63f',
        '2024-03-02 00:00:00',
        1,
        0,
        0,
        NULL,
        'Admin',
        NULL,
        '2024-09-05 06:17:01',
        '2024-09-05 06:17:01'
    ),
    (
        'baf34db9-6f6e-466a-82cd-8d0e08526eec',
        '6f36871f-2417-488b-a530-b7991e477f7c',
        '2024-08-09 00:00:00',
        1,
        0,
        0,
        NULL,
        'Admin',
        NULL,
        '2024-09-05 06:17:01',
        '2024-09-05 06:17:01'
    ),
    (
        'bb68bc66-1bd6-4d5e-87d2-c83c9b5746cc',
        '62a288fb-f48b-4651-9e92-c6ae4ea5709d',
        '2024-07-12 00:00:00',
        1,
        0,
        0,
        NULL,
        'Admin',
        NULL,
        '2024-09-05 06:17:01',
        '2024-09-05 06:17:01'
    ),
    (
        'bc4673d2-3e71-4b27-a97d-63b324cad5de',
        '1eacfdff-a5b8-4987-85e9-a13a522b2042',
        '2024-09-08 00:00:00',
        0,
        1,
        0,
        NULL,
        'Admin',
        NULL,
        '2024-09-05 06:17:01',
        '2024-09-05 06:17:01'
    ),
    (
        'bdaf895c-2410-45fa-80c8-0c126f44a903',
        'afaa12e1-ca88-4cfa-8a7f-cb908a20c5ed',
        '2024-12-23 00:00:00',
        1,
        0,
        0,
        NULL,
        'Admin',
        NULL,
        '2024-09-05 06:17:01',
        '2024-09-05 06:17:01'
    ),
    (
        'be2ee8c7-b817-4c8c-a952-14b84eb9a7ef',
        'afaa12e1-ca88-4cfa-8a7f-cb908a20c5ed',
        '2024-12-16 00:00:00',
        1,
        0,
        0,
        NULL,
        'Admin',
        NULL,
        '2024-09-05 06:17:01',
        '2024-09-05 06:17:01'
    ),
    (
        'beb81422-6ce0-4cc5-854b-26b6fddfd318',
        'ef72fffd-343d-47db-8a54-2ef24bc2ab77',
        '2024-11-19 00:00:00',
        1,
        0,
        0,
        NULL,
        'Admin',
        NULL,
        '2024-09-05 06:17:01',
        '2024-09-05 06:17:01'
    ),
    (
        'bedb9fdc-252b-48f5-aef3-3a1fa5599a14',
        '31c28662-f811-4e77-9034-a109bb6d6774',
        '2024-05-31 00:00:00',
        1,
        0,
        0,
        NULL,
        'Admin',
        NULL,
        '2024-09-05 06:17:01',
        '2024-09-05 06:17:01'
    ),
    (
        'bf9a2d17-1434-4faf-9fae-8972298224eb',
        '70538a19-7704-4fe0-a1e1-8ae4d317317e',
        '2024-10-26 00:00:00',
        1,
        0,
        0,
        NULL,
        'Admin',
        NULL,
        '2024-09-05 06:17:01',
        '2024-09-05 06:17:01'
    ),
    (
        'bfccb404-446f-44fc-852d-d0d04f8c1d46',
        '31c28662-f811-4e77-9034-a109bb6d6774',
        '2024-05-01 00:00:00',
        1,
        0,
        0,
        NULL,
        'Admin',
        NULL,
        '2024-09-05 06:17:01',
        '2024-09-05 06:17:01'
    ),
    (
        'c0101b76-250a-481a-a978-2a009a179822',
        '31c28662-f811-4e77-9034-a109bb6d6774',
        '2024-05-10 00:00:00',
        1,
        0,
        0,
        NULL,
        'Admin',
        NULL,
        '2024-09-05 06:17:01',
        '2024-09-05 06:17:01'
    ),
    (
        'c08eaf8e-69a0-422f-b832-5986ff6ed625',
        '31c28662-f811-4e77-9034-a109bb6d6774',
        '2024-05-14 00:00:00',
        1,
        0,
        0,
        NULL,
        'Admin',
        NULL,
        '2024-09-05 06:17:01',
        '2024-09-05 06:17:01'
    ),
    (
        'c1da15a6-a1fa-4918-8bde-c0be35029222',
        '1eacfdff-a5b8-4987-85e9-a13a522b2042',
        '2024-09-10 00:00:00',
        1,
        0,
        0,
        NULL,
        'Admin',
        NULL,
        '2024-09-05 06:17:01',
        '2024-09-05 06:17:01'
    ),
    (
        'c22fc2b4-1bc3-42a7-8643-20461f3eca07',
        '6f36871f-2417-488b-a530-b7991e477f7c',
        '2024-08-21 00:00:00',
        1,
        0,
        0,
        NULL,
        'Admin',
        NULL,
        '2024-09-05 06:17:01',
        '2024-09-05 06:17:01'
    ),
    (
        'c2939f81-8434-480c-903d-b317a0e346fb',
        'ad7178c9-615a-4040-b90f-52f32381a63f',
        '2024-03-15 00:00:00',
        1,
        0,
        0,
        NULL,
        'Admin',
        NULL,
        '2024-09-05 06:17:01',
        '2024-09-05 06:17:01'
    ),
    (
        'c30f39aa-8a46-4119-b185-7f3ba338db1e',
        '6f36871f-2417-488b-a530-b7991e477f7c',
        '2024-08-30 00:00:00',
        1,
        0,
        0,
        NULL,
        'Admin',
        NULL,
        '2024-09-05 06:17:01',
        '2024-09-05 06:17:01'
    ),
    (
        'c3e1aa0e-6b81-47ba-9200-f515903e747a',
        'ef72fffd-343d-47db-8a54-2ef24bc2ab77',
        '2024-11-16 00:00:00',
        1,
        0,
        0,
        NULL,
        'Admin',
        NULL,
        '2024-09-05 06:17:01',
        '2024-09-05 06:17:01'
    ),
    (
        'c4596dda-aeb1-4630-b6a3-67c375c9fe6d',
        '62a288fb-f48b-4651-9e92-c6ae4ea5709d',
        '2024-07-05 00:00:00',
        1,
        0,
        0,
        NULL,
        'Admin',
        NULL,
        '2024-09-05 06:17:01',
        '2024-09-05 06:17:01'
    ),
    (
        'c4eac0b8-3051-4f81-9b42-2ab8b489cc5d',
        'afaa12e1-ca88-4cfa-8a7f-cb908a20c5ed',
        '2024-12-18 00:00:00',
        1,
        0,
        0,
        NULL,
        'Admin',
        NULL,
        '2024-09-05 06:17:01',
        '2024-09-05 06:17:01'
    ),
    (
        'c57811c5-dbd6-4698-80f8-9e30bd40d770',
        'afaa12e1-ca88-4cfa-8a7f-cb908a20c5ed',
        '2024-12-14 00:00:00',
        1,
        0,
        0,
        NULL,
        'Admin',
        NULL,
        '2024-09-05 06:17:01',
        '2024-09-05 06:17:01'
    ),
    (
        'c7cc793e-145d-49de-bc72-740f06217f8f',
        'ef72fffd-343d-47db-8a54-2ef24bc2ab77',
        '2024-11-28 00:00:00',
        1,
        0,
        0,
        NULL,
        'Admin',
        NULL,
        '2024-09-05 06:17:01',
        '2024-09-05 06:17:01'
    ),
    (
        'c817e7f0-648b-4634-b848-c072a4458380',
        '1eacfdff-a5b8-4987-85e9-a13a522b2042',
        '2024-09-20 00:00:00',
        1,
        0,
        0,
        NULL,
        'Admin',
        NULL,
        '2024-09-05 06:17:01',
        '2024-09-05 06:17:01'
    ),
    (
        'c85a85e1-dcd3-41e1-a133-43896de9710f',
        'ad7178c9-615a-4040-b90f-52f32381a63f',
        '2024-03-12 00:00:00',
        1,
        0,
        0,
        NULL,
        'Admin',
        NULL,
        '2024-09-05 06:17:01',
        '2024-09-05 06:17:01'
    ),
    (
        'c8605c30-780d-4327-a6a1-62fa543a26d2',
        '1eacfdff-a5b8-4987-85e9-a13a522b2042',
        '2024-09-04 00:00:00',
        1,
        0,
        0,
        NULL,
        'Admin',
        NULL,
        '2024-09-05 06:17:01',
        '2024-09-05 06:17:01'
    ),
    (
        'ca8eaeb1-1b5f-414c-b07e-f12d93db2ffa',
        '62a288fb-f48b-4651-9e92-c6ae4ea5709d',
        '2024-07-09 00:00:00',
        1,
        0,
        0,
        NULL,
        'Admin',
        NULL,
        '2024-09-05 06:17:01',
        '2024-09-05 06:17:01'
    ),
    (
        'caa0dfe2-b9ae-4a27-8744-6cbca791eaf5',
        '1eacfdff-a5b8-4987-85e9-a13a522b2042',
        '2024-09-11 00:00:00',
        1,
        0,
        0,
        NULL,
        'Admin',
        NULL,
        '2024-09-05 06:17:01',
        '2024-09-05 06:17:01'
    ),
    (
        'cad7b157-0e30-4f67-8bcc-060bbaf88a76',
        '824e2c0a-4c90-41fe-929c-012cb425b82f',
        '2024-01-04 00:00:00',
        1,
        0,
        0,
        NULL,
        'Admin',
        NULL,
        '2024-09-05 06:17:01',
        '2024-09-05 06:17:01'
    ),
    (
        'cb40946f-1100-43c2-9dfc-b3d2210b17eb',
        '824e2c0a-4c90-41fe-929c-012cb425b82f',
        '2024-01-28 00:00:00',
        0,
        1,
        0,
        NULL,
        'Admin',
        NULL,
        '2024-09-05 06:17:01',
        '2024-09-05 06:17:01'
    ),
    (
        'cb6f41bd-82b8-491b-b9f5-f6705a1b3b98',
        '70538a19-7704-4fe0-a1e1-8ae4d317317e',
        '2024-10-23 00:00:00',
        1,
        0,
        0,
        NULL,
        'Admin',
        NULL,
        '2024-09-05 06:17:01',
        '2024-09-05 06:17:01'
    ),
    (
        'cba7fb4f-0de6-4190-bc2f-a80edc3455e4',
        '38d93c22-a7e4-44bf-b227-eec29ce507a3',
        '2024-04-26 00:00:00',
        1,
        0,
        0,
        NULL,
        'Admin',
        NULL,
        '2024-09-05 06:17:01',
        '2024-09-05 06:17:01'
    ),
    (
        'cc7ebb28-592b-477b-adf9-3c9856bcaab9',
        '70538a19-7704-4fe0-a1e1-8ae4d317317e',
        '2024-10-03 00:00:00',
        1,
        0,
        0,
        NULL,
        'Admin',
        NULL,
        '2024-09-05 06:17:01',
        '2024-09-05 06:17:01'
    ),
    (
        'cc9d028c-18ab-4be8-9100-a805deff4cb6',
        '6f36871f-2417-488b-a530-b7991e477f7c',
        '2024-08-19 00:00:00',
        1,
        0,
        0,
        NULL,
        'Admin',
        NULL,
        '2024-09-05 06:17:01',
        '2024-09-05 06:17:01'
    ),
    (
        'cd3db21d-438c-4091-9a40-81ff5cba0b66',
        '62a288fb-f48b-4651-9e92-c6ae4ea5709d',
        '2024-07-25 00:00:00',
        1,
        0,
        0,
        NULL,
        'Admin',
        NULL,
        '2024-09-05 06:17:01',
        '2024-09-05 06:17:01'
    ),
    (
        'cdc0f75e-f274-4c18-a154-cff47bd7c919',
        '62a288fb-f48b-4651-9e92-c6ae4ea5709d',
        '2024-07-28 00:00:00',
        0,
        1,
        0,
        NULL,
        'Admin',
        NULL,
        '2024-09-05 06:17:01',
        '2024-09-05 06:17:01'
    ),
    (
        'd011e40b-dd64-47b9-9a1b-a979c857d90f',
        'afaa12e1-ca88-4cfa-8a7f-cb908a20c5ed',
        '2024-12-08 00:00:00',
        0,
        1,
        0,
        NULL,
        'Admin',
        NULL,
        '2024-09-05 06:17:01',
        '2024-09-05 06:17:01'
    ),
    (
        'd08c3c94-7134-4d98-9232-7b1912198b29',
        '1eacfdff-a5b8-4987-85e9-a13a522b2042',
        '2024-09-27 00:00:00',
        1,
        0,
        0,
        NULL,
        'Admin',
        NULL,
        '2024-09-05 06:17:01',
        '2024-09-05 06:17:01'
    ),
    (
        'd1866c2e-d463-4a65-ae5a-0d224dcdc478',
        'ad7178c9-615a-4040-b90f-52f32381a63f',
        '2024-03-09 00:00:00',
        1,
        0,
        0,
        NULL,
        'Admin',
        NULL,
        '2024-09-05 06:17:01',
        '2024-09-05 06:17:01'
    ),
    (
        'd26fa1c3-1f14-4911-8e9f-5db369816441',
        '6f36871f-2417-488b-a530-b7991e477f7c',
        '2024-08-17 00:00:00',
        1,
        0,
        1,
        'Hari Kemerdekaan Republik Indonesia',
        'Admin',
        'Johan',
        '2024-09-05 06:17:01',
        '2024-09-12 09:09:11'
    ),
    (
        'd283ea79-2d2d-4c4d-a348-1e0fd010ba06',
        '8c8759c2-c9aa-4b1a-84d8-24d589d28215',
        '2024-06-04 00:00:00',
        1,
        0,
        0,
        NULL,
        'Admin',
        NULL,
        '2024-09-05 06:17:01',
        '2024-09-05 06:17:01'
    ),
    (
        'd2b86226-b8a3-4856-a93c-45d758b373ec',
        '62a288fb-f48b-4651-9e92-c6ae4ea5709d',
        '2024-07-16 00:00:00',
        1,
        0,
        0,
        NULL,
        'Admin',
        NULL,
        '2024-09-05 06:17:01',
        '2024-09-05 06:17:01'
    ),
    (
        'd357f36d-2200-4997-b665-fb283f5fb5f6',
        '38d93c22-a7e4-44bf-b227-eec29ce507a3',
        '2024-04-03 00:00:00',
        1,
        0,
        0,
        NULL,
        'Admin',
        NULL,
        '2024-09-05 06:17:01',
        '2024-09-05 06:17:01'
    ),
    (
        'd4183596-116a-47fb-9857-f13ccfc14776',
        'ef72fffd-343d-47db-8a54-2ef24bc2ab77',
        '2024-11-23 00:00:00',
        1,
        0,
        0,
        NULL,
        'Admin',
        NULL,
        '2024-09-05 06:17:01',
        '2024-09-05 06:17:01'
    ),
    (
        'd5af93f8-8bc1-4ef2-9e4d-b89996481c51',
        '8c8759c2-c9aa-4b1a-84d8-24d589d28215',
        '2024-06-13 00:00:00',
        1,
        0,
        0,
        NULL,
        'Admin',
        NULL,
        '2024-09-05 06:17:01',
        '2024-09-05 06:17:01'
    ),
    (
        'd62ddca7-33c3-4950-a5db-eea4d0ca3837',
        '824e2c0a-4c90-41fe-929c-012cb425b82f',
        '2024-01-03 00:00:00',
        1,
        0,
        0,
        NULL,
        'Admin',
        NULL,
        '2024-09-05 06:17:01',
        '2024-09-05 06:17:01'
    ),
    (
        'd76ed23b-881d-4782-a3aa-a473aa32fb49',
        '31c28662-f811-4e77-9034-a109bb6d6774',
        '2024-05-09 00:00:00',
        1,
        0,
        0,
        NULL,
        'Admin',
        NULL,
        '2024-09-05 06:17:01',
        '2024-09-05 06:17:01'
    ),
    (
        'd8421c3b-2f7e-423e-a5e5-b34c4e6df80f',
        '38d93c22-a7e4-44bf-b227-eec29ce507a3',
        '2024-04-15 00:00:00',
        1,
        0,
        0,
        NULL,
        'Admin',
        NULL,
        '2024-09-05 06:17:01',
        '2024-09-05 06:17:01'
    ),
    (
        'd8c4a563-3449-4ebb-a74b-40e10eb0b2d2',
        '62a288fb-f48b-4651-9e92-c6ae4ea5709d',
        '2024-07-26 00:00:00',
        1,
        0,
        0,
        NULL,
        'Admin',
        NULL,
        '2024-09-05 06:17:01',
        '2024-09-05 06:17:01'
    ),
    (
        'd91e3f3b-19d3-471c-8b6a-5a4b29aaf1b9',
        '62a288fb-f48b-4651-9e92-c6ae4ea5709d',
        '2024-07-03 00:00:00',
        1,
        0,
        0,
        NULL,
        'Admin',
        NULL,
        '2024-09-05 06:17:01',
        '2024-09-05 06:17:01'
    ),
    (
        'da9a22ae-1d1f-4701-be56-4c46aa19b003',
        '1eacfdff-a5b8-4987-85e9-a13a522b2042',
        '2024-09-26 00:00:00',
        1,
        0,
        0,
        NULL,
        'Admin',
        NULL,
        '2024-09-05 06:17:01',
        '2024-09-05 06:17:01'
    ),
    (
        'db02bb5c-7d43-4b03-9541-585e227c27fc',
        '70538a19-7704-4fe0-a1e1-8ae4d317317e',
        '2024-10-05 00:00:00',
        1,
        0,
        0,
        NULL,
        'Admin',
        NULL,
        '2024-09-05 06:17:01',
        '2024-09-05 06:17:01'
    ),
    (
        'db12fdcf-e154-48f0-beb0-6375b8474b46',
        '62a288fb-f48b-4651-9e92-c6ae4ea5709d',
        '2024-07-06 00:00:00',
        1,
        0,
        0,
        NULL,
        'Admin',
        NULL,
        '2024-09-05 06:17:01',
        '2024-09-05 06:17:01'
    ),
    (
        'db630c0f-9149-4d5e-8645-d3817ba387f7',
        '38d93c22-a7e4-44bf-b227-eec29ce507a3',
        '2024-04-30 00:00:00',
        1,
        0,
        0,
        NULL,
        'Admin',
        NULL,
        '2024-09-05 06:17:01',
        '2024-09-05 06:17:01'
    ),
    (
        'dbb3b3fc-620f-44a4-8c86-a4cc787ba595',
        '31c28662-f811-4e77-9034-a109bb6d6774',
        '2024-05-15 00:00:00',
        1,
        0,
        0,
        NULL,
        'Admin',
        NULL,
        '2024-09-05 06:17:01',
        '2024-09-05 06:17:01'
    ),
    (
        'dbf15d6a-41cd-4cca-924f-646fc252ac9e',
        '1708dc66-d1d3-4c00-a15c-c8041ec2a213',
        '2024-02-18 00:00:00',
        0,
        1,
        0,
        NULL,
        'Admin',
        NULL,
        '2024-09-05 06:17:01',
        '2024-09-05 06:17:01'
    ),
    (
        'dc206e5a-c5f8-48d8-9396-c8b53a2fa5f7',
        '8c8759c2-c9aa-4b1a-84d8-24d589d28215',
        '2024-06-19 00:00:00',
        1,
        0,
        0,
        NULL,
        'Admin',
        NULL,
        '2024-09-05 06:17:01',
        '2024-09-05 06:17:01'
    ),
    (
        'dc97d34d-3c74-4783-98de-fd94fa904b60',
        '1708dc66-d1d3-4c00-a15c-c8041ec2a213',
        '2024-02-23 00:00:00',
        1,
        0,
        0,
        NULL,
        'Admin',
        NULL,
        '2024-09-05 06:17:01',
        '2024-09-05 06:17:01'
    ),
    (
        'dcb5b9db-a902-4ec8-84b7-670743f24882',
        '6f36871f-2417-488b-a530-b7991e477f7c',
        '2024-08-04 00:00:00',
        0,
        1,
        0,
        NULL,
        'Admin',
        NULL,
        '2024-09-05 06:17:01',
        '2024-09-05 06:17:01'
    ),
    (
        'deb5d876-363f-4e41-bb59-e70978ee0050',
        '1eacfdff-a5b8-4987-85e9-a13a522b2042',
        '2024-09-29 00:00:00',
        0,
        1,
        0,
        NULL,
        'Admin',
        NULL,
        '2024-09-05 06:17:01',
        '2024-09-05 06:17:01'
    ),
    (
        'dfb10167-9ed6-459f-8018-89dcacfcf2be',
        '70538a19-7704-4fe0-a1e1-8ae4d317317e',
        '2024-10-09 00:00:00',
        1,
        0,
        0,
        NULL,
        'Admin',
        NULL,
        '2024-09-05 06:17:01',
        '2024-09-05 06:17:01'
    ),
    (
        'e144ddd9-c064-4271-9a0a-3772816f6be2',
        '1708dc66-d1d3-4c00-a15c-c8041ec2a213',
        '2024-02-24 00:00:00',
        1,
        0,
        0,
        NULL,
        'Admin',
        NULL,
        '2024-09-05 06:17:01',
        '2024-09-05 06:17:01'
    ),
    (
        'e20203f0-4a86-4aad-9c08-ebae80fb3d00',
        'afaa12e1-ca88-4cfa-8a7f-cb908a20c5ed',
        '2024-12-19 00:00:00',
        1,
        0,
        0,
        NULL,
        'Admin',
        NULL,
        '2024-09-05 06:17:01',
        '2024-09-05 06:17:01'
    ),
    (
        'e20bc412-cd2e-4622-9f06-e28818adde8f',
        '8c8759c2-c9aa-4b1a-84d8-24d589d28215',
        '2024-06-17 00:00:00',
        1,
        0,
        0,
        NULL,
        'Admin',
        NULL,
        '2024-09-05 06:17:01',
        '2024-09-05 06:17:01'
    ),
    (
        'e27ee4de-9c0f-4610-994a-15d89ef9d820',
        '824e2c0a-4c90-41fe-929c-012cb425b82f',
        '2024-01-31 00:00:00',
        1,
        0,
        0,
        NULL,
        'Admin',
        NULL,
        '2024-09-05 06:17:01',
        '2024-09-05 06:17:01'
    ),
    (
        'e3eea2dd-2141-4346-92ec-4f78e9755ba3',
        '824e2c0a-4c90-41fe-929c-012cb425b82f',
        '2024-01-05 00:00:00',
        1,
        0,
        0,
        NULL,
        'Admin',
        NULL,
        '2024-09-05 06:17:01',
        '2024-09-05 06:17:01'
    ),
    (
        'e44e03f7-8a48-4858-9336-600c0e4c72ce',
        'ef72fffd-343d-47db-8a54-2ef24bc2ab77',
        '2024-11-05 00:00:00',
        1,
        0,
        0,
        NULL,
        'Admin',
        NULL,
        '2024-09-05 06:17:01',
        '2024-09-05 06:17:01'
    ),
    (
        'e47625ab-4398-4303-a01e-dc4836511dba',
        'ad7178c9-615a-4040-b90f-52f32381a63f',
        '2024-03-08 00:00:00',
        1,
        0,
        0,
        NULL,
        'Admin',
        NULL,
        '2024-09-05 06:17:01',
        '2024-09-05 06:17:01'
    ),
    (
        'e49673af-7646-494a-b01c-ad773ba230d2',
        '62a288fb-f48b-4651-9e92-c6ae4ea5709d',
        '2024-07-04 00:00:00',
        1,
        0,
        0,
        NULL,
        'Admin',
        NULL,
        '2024-09-05 06:17:01',
        '2024-09-05 06:17:01'
    ),
    (
        'e58847d7-f119-4b58-8953-3b6e18f3611b',
        '70538a19-7704-4fe0-a1e1-8ae4d317317e',
        '2024-10-20 00:00:00',
        0,
        1,
        0,
        NULL,
        'Admin',
        NULL,
        '2024-09-05 06:17:01',
        '2024-09-05 06:17:01'
    ),
    (
        'e5b11997-e4de-4249-b33e-1d2d5e6e8f59',
        '1eacfdff-a5b8-4987-85e9-a13a522b2042',
        '2024-09-14 00:00:00',
        1,
        0,
        0,
        NULL,
        'Admin',
        NULL,
        '2024-09-05 06:17:01',
        '2024-09-05 06:17:01'
    ),
    (
        'e61071db-8de2-4952-ba08-810cfb6b6db6',
        '38d93c22-a7e4-44bf-b227-eec29ce507a3',
        '2024-04-07 00:00:00',
        0,
        1,
        0,
        NULL,
        'Admin',
        NULL,
        '2024-09-05 06:17:01',
        '2024-09-05 06:17:01'
    ),
    (
        'e7317b38-72a8-4891-81de-5cbec8b90bb8',
        '62a288fb-f48b-4651-9e92-c6ae4ea5709d',
        '2024-07-23 00:00:00',
        1,
        0,
        0,
        NULL,
        'Admin',
        NULL,
        '2024-09-05 06:17:01',
        '2024-09-05 06:17:01'
    ),
    (
        'e751c4e8-8bea-444b-8eb0-616d6f5b6952',
        '62a288fb-f48b-4651-9e92-c6ae4ea5709d',
        '2024-07-10 00:00:00',
        1,
        0,
        0,
        NULL,
        'Admin',
        NULL,
        '2024-09-05 06:17:01',
        '2024-09-05 06:17:01'
    ),
    (
        'e7d9e368-5262-4600-89ce-82bc17a083f9',
        '824e2c0a-4c90-41fe-929c-012cb425b82f',
        '2024-01-22 00:00:00',
        1,
        0,
        0,
        NULL,
        'Admin',
        NULL,
        '2024-09-05 06:17:01',
        '2024-09-05 06:17:01'
    ),
    (
        'e94068e0-12a8-4ca3-9fab-41dde313f0e7',
        '38d93c22-a7e4-44bf-b227-eec29ce507a3',
        '2024-04-17 00:00:00',
        1,
        0,
        0,
        NULL,
        'Admin',
        NULL,
        '2024-09-05 06:17:01',
        '2024-09-05 06:17:01'
    ),
    (
        'e9b09d06-9652-40c1-947e-933da9b6f441',
        'ad7178c9-615a-4040-b90f-52f32381a63f',
        '2024-03-31 00:00:00',
        0,
        1,
        0,
        NULL,
        'Admin',
        NULL,
        '2024-09-05 06:17:01',
        '2024-09-05 06:17:01'
    ),
    (
        'e9c75845-72b5-40ba-a54e-eb52c6f2b24b',
        '6f36871f-2417-488b-a530-b7991e477f7c',
        '2024-08-18 00:00:00',
        0,
        1,
        0,
        NULL,
        'Admin',
        NULL,
        '2024-09-05 06:17:01',
        '2024-09-05 06:17:01'
    ),
    (
        'ebe02494-ff93-4a88-92e0-f270ce416c0c',
        'afaa12e1-ca88-4cfa-8a7f-cb908a20c5ed',
        '2024-12-20 00:00:00',
        1,
        0,
        0,
        NULL,
        'Admin',
        NULL,
        '2024-09-05 06:17:01',
        '2024-09-05 06:17:01'
    ),
    (
        'ed6c9e02-5223-424b-8186-457bfe887a79',
        '70538a19-7704-4fe0-a1e1-8ae4d317317e',
        '2024-10-02 00:00:00',
        1,
        0,
        0,
        NULL,
        'Admin',
        NULL,
        '2024-09-05 06:17:01',
        '2024-09-05 06:17:01'
    ),
    (
        'ee0b09e1-f31e-4e92-8981-8151b9f0f81b',
        '38d93c22-a7e4-44bf-b227-eec29ce507a3',
        '2024-04-22 00:00:00',
        1,
        0,
        0,
        NULL,
        'Admin',
        NULL,
        '2024-09-05 06:17:01',
        '2024-09-05 06:17:01'
    ),
    (
        'ee9fe77f-0217-4322-ba2e-60c42f7f0ef9',
        'afaa12e1-ca88-4cfa-8a7f-cb908a20c5ed',
        '2024-12-03 00:00:00',
        1,
        0,
        0,
        NULL,
        'Admin',
        NULL,
        '2024-09-05 06:17:01',
        '2024-09-05 06:17:01'
    ),
    (
        'eeb119a9-b742-4d8a-bdf7-c2d3b9586cb1',
        '38d93c22-a7e4-44bf-b227-eec29ce507a3',
        '2024-04-12 00:00:00',
        1,
        0,
        0,
        NULL,
        'Admin',
        NULL,
        '2024-09-05 06:17:01',
        '2024-09-05 06:17:01'
    ),
    (
        'f161a668-e7d4-424b-a2f4-052a4826b081',
        '70538a19-7704-4fe0-a1e1-8ae4d317317e',
        '2024-10-22 00:00:00',
        1,
        0,
        0,
        NULL,
        'Admin',
        NULL,
        '2024-09-05 06:17:01',
        '2024-09-05 06:17:01'
    ),
    (
        'f37c8c06-f6d0-450b-bfd3-ebd61513b013',
        '6f36871f-2417-488b-a530-b7991e477f7c',
        '2024-08-15 00:00:00',
        1,
        0,
        0,
        NULL,
        'Admin',
        NULL,
        '2024-09-05 06:17:01',
        '2024-09-05 06:17:01'
    ),
    (
        'f387f805-bfd4-4859-a1a7-d13a7e189ab3',
        '38d93c22-a7e4-44bf-b227-eec29ce507a3',
        '2024-04-24 00:00:00',
        1,
        0,
        0,
        NULL,
        'Admin',
        NULL,
        '2024-09-05 06:17:01',
        '2024-09-05 06:17:01'
    ),
    (
        'f3f916fe-101e-4464-ae4e-97d194873092',
        '8c8759c2-c9aa-4b1a-84d8-24d589d28215',
        '2024-06-30 00:00:00',
        0,
        1,
        0,
        NULL,
        'Admin',
        NULL,
        '2024-09-05 06:17:01',
        '2024-09-05 06:17:01'
    ),
    (
        'f446579f-69ea-4593-aa29-b7a6026018c3',
        '824e2c0a-4c90-41fe-929c-012cb425b82f',
        '2024-01-11 00:00:00',
        1,
        0,
        0,
        NULL,
        'Admin',
        NULL,
        '2024-09-05 06:17:01',
        '2024-09-05 06:17:01'
    ),
    (
        'f54072b0-ead9-492a-86d3-edb3bc4c0863',
        '1eacfdff-a5b8-4987-85e9-a13a522b2042',
        '2024-09-28 00:00:00',
        1,
        0,
        0,
        NULL,
        'Admin',
        NULL,
        '2024-09-05 06:17:01',
        '2024-09-05 06:17:01'
    ),
    (
        'f5457e60-4bd3-449b-9d23-e7918c5b41e4',
        '6f36871f-2417-488b-a530-b7991e477f7c',
        '2024-08-28 00:00:00',
        1,
        0,
        0,
        NULL,
        'Admin',
        NULL,
        '2024-09-05 06:17:01',
        '2024-09-05 06:17:01'
    ),
    (
        'f5673ec1-186f-4cbf-80f5-3eb05f950ab1',
        '62a288fb-f48b-4651-9e92-c6ae4ea5709d',
        '2024-07-14 00:00:00',
        0,
        1,
        0,
        NULL,
        'Admin',
        NULL,
        '2024-09-05 06:17:01',
        '2024-09-05 06:17:01'
    ),
    (
        'f5cf54fe-93cc-4b4f-adfa-c942e3ceadeb',
        '70538a19-7704-4fe0-a1e1-8ae4d317317e',
        '2024-10-24 00:00:00',
        1,
        0,
        0,
        NULL,
        'Admin',
        NULL,
        '2024-09-05 06:17:01',
        '2024-09-05 06:17:01'
    ),
    (
        'f5eff954-9dc6-44d6-be29-69c5fdd292e6',
        '1708dc66-d1d3-4c00-a15c-c8041ec2a213',
        '2024-02-04 00:00:00',
        0,
        1,
        0,
        NULL,
        'Admin',
        NULL,
        '2024-09-05 06:17:01',
        '2024-09-05 06:17:01'
    ),
    (
        'f6820ec4-d392-4457-a88f-9261269551e2',
        '824e2c0a-4c90-41fe-929c-012cb425b82f',
        '2024-01-08 00:00:00',
        1,
        0,
        0,
        NULL,
        'Admin',
        NULL,
        '2024-09-05 06:17:01',
        '2024-09-05 06:17:01'
    ),
    (
        'f6b08abd-67f4-4f82-8356-a9f8d6ba2d4c',
        '824e2c0a-4c90-41fe-929c-012cb425b82f',
        '2024-01-14 00:00:00',
        0,
        1,
        0,
        NULL,
        'Admin',
        NULL,
        '2024-09-05 06:17:01',
        '2024-09-05 06:17:01'
    ),
    (
        'f6c43e7d-76b4-4049-ac77-b5017df2e034',
        '62a288fb-f48b-4651-9e92-c6ae4ea5709d',
        '2024-07-22 00:00:00',
        1,
        0,
        0,
        NULL,
        'Admin',
        NULL,
        '2024-09-05 06:17:01',
        '2024-09-05 06:17:01'
    ),
    (
        'f738dc64-c76d-4c26-bde2-94854f56e6bc',
        '38d93c22-a7e4-44bf-b227-eec29ce507a3',
        '2024-04-13 00:00:00',
        1,
        0,
        0,
        NULL,
        'Admin',
        NULL,
        '2024-09-05 06:17:01',
        '2024-09-05 06:17:01'
    ),
    (
        'f82e5d11-422b-4ad2-a4bb-024906cca4bc',
        '8c8759c2-c9aa-4b1a-84d8-24d589d28215',
        '2024-06-07 00:00:00',
        1,
        0,
        0,
        NULL,
        'Admin',
        NULL,
        '2024-09-05 06:17:01',
        '2024-09-05 06:17:01'
    ),
    (
        'f8515ff6-fbbe-4712-8e04-a6364e179509',
        'ef72fffd-343d-47db-8a54-2ef24bc2ab77',
        '2024-11-26 00:00:00',
        1,
        0,
        0,
        NULL,
        'Admin',
        NULL,
        '2024-09-05 06:17:01',
        '2024-09-05 06:17:01'
    ),
    (
        'fb4cc3ba-1f07-40d2-9be1-c138038e7929',
        '70538a19-7704-4fe0-a1e1-8ae4d317317e',
        '2024-10-12 00:00:00',
        1,
        0,
        0,
        NULL,
        'Admin',
        NULL,
        '2024-09-05 06:17:01',
        '2024-09-05 06:17:01'
    ),
    (
        'fb7188d6-4ff5-42e1-ac17-9839baaee215',
        '1eacfdff-a5b8-4987-85e9-a13a522b2042',
        '2024-09-16 00:00:00',
        1,
        0,
        0,
        NULL,
        'Admin',
        NULL,
        '2024-09-05 06:17:01',
        '2024-09-05 06:17:01'
    ),
    (
        'fd283b58-4834-45dd-9f76-326adf66a5cf',
        '62a288fb-f48b-4651-9e92-c6ae4ea5709d',
        '2024-07-01 00:00:00',
        1,
        0,
        0,
        NULL,
        'Admin',
        NULL,
        '2024-09-05 06:17:01',
        '2024-09-05 06:17:01'
    ),
    (
        'fd6d746d-1cdf-4b38-9ed2-9b3fb94d24d2',
        '8c8759c2-c9aa-4b1a-84d8-24d589d28215',
        '2024-06-12 00:00:00',
        1,
        0,
        0,
        NULL,
        'Admin',
        NULL,
        '2024-09-05 06:17:01',
        '2024-09-05 06:17:01'
    ),
    (
        'fdee771c-b4b1-40bc-a269-2a549280c372',
        'ef72fffd-343d-47db-8a54-2ef24bc2ab77',
        '2024-11-06 00:00:00',
        1,
        0,
        0,
        NULL,
        'Admin',
        NULL,
        '2024-09-05 06:17:01',
        '2024-09-05 06:17:01'
    );

-- Dumping structure for table db_burwood.tb_mst_cli
DROP TABLE IF EXISTS `tb_mst_cli`;

CREATE TABLE IF NOT EXISTS `tb_mst_cli` (
    `id` char(36) NOT NULL,
    `company_id` char(36) DEFAULT NULL,
    `nama` varchar(100) CHARACTER SET latin1 COLLATE latin1_swedish_ci DEFAULT NULL,
    `handphone` varchar(100) DEFAULT NULL,
    `email` varchar(100) DEFAULT NULL,
    `izinkan_penawaran` tinyint(4) DEFAULT 1,
    `status` tinyint(4) DEFAULT 1,
    `created_by` varchar(100) CHARACTER SET latin1 COLLATE latin1_swedish_ci DEFAULT NULL,
    `updated_by` varchar(100) CHARACTER SET latin1 COLLATE latin1_swedish_ci DEFAULT NULL,
    `created_at` timestamp NULL DEFAULT current_timestamp(),
    `updated_at` timestamp NULL DEFAULT current_timestamp() ON UPDATE current_timestamp(),
    PRIMARY KEY (`id`) USING BTREE,
    KEY `company_id` (`company_id`) USING BTREE
) ENGINE = InnoDB DEFAULT CHARSET = utf8mb4 COLLATE = utf8mb4_general_ci ROW_FORMAT = DYNAMIC COMMENT = 'client';

-- Dumping data for table db_burwood.tb_mst_cli: ~1 rows (approximately)
DELETE FROM `tb_mst_cli`;

INSERT INTO
    `tb_mst_cli` (
        `id`,
        `company_id`,
        `nama`,
        `handphone`,
        `email`,
        `izinkan_penawaran`,
        `status`,
        `created_by`,
        `updated_by`,
        `created_at`,
        `updated_at`
    )
VALUES (
        '8f3e91a5-8db8-4a0a-b499-97cad6891a78',
        '3b6412d9-66cc-477e-a65e-148524b6eeb1',
        'ANDI',
        '089501555155',
        'andipraseno@gmail.com',
        0,
        1,
        NULL,
        NULL,
        '2024-09-06 01:17:59',
        '2024-09-26 05:52:40'
    );

-- Dumping structure for table db_burwood.tb_mst_coa
DROP TABLE IF EXISTS `tb_mst_coa`;

CREATE TABLE IF NOT EXISTS `tb_mst_coa` (
    `id` char(36) NOT NULL,
    `company_id` char(36) DEFAULT NULL,
    `nama` varchar(100) CHARACTER SET latin1 COLLATE latin1_swedish_ci DEFAULT NULL,
    `akunlevel3_id` char(36) NOT NULL,
    `status` tinyint(4) DEFAULT 1,
    `created_by` varchar(100) CHARACTER SET latin1 COLLATE latin1_swedish_ci DEFAULT NULL,
    `updated_by` varchar(100) CHARACTER SET latin1 COLLATE latin1_swedish_ci DEFAULT NULL,
    `created_at` timestamp NULL DEFAULT current_timestamp(),
    `updated_at` timestamp NULL DEFAULT current_timestamp() ON UPDATE current_timestamp(),
    PRIMARY KEY (`id`) USING BTREE,
    KEY `company_id` (`company_id`),
    KEY `group_id` (`akunlevel3_id`) USING BTREE
) ENGINE = InnoDB DEFAULT CHARSET = utf8mb4 COLLATE = utf8mb4_general_ci ROW_FORMAT = DYNAMIC COMMENT = 'akun';

-- Dumping data for table db_burwood.tb_mst_coa: ~3 rows (approximately)
DELETE FROM `tb_mst_coa`;

INSERT INTO
    `tb_mst_coa` (
        `id`,
        `company_id`,
        `nama`,
        `akunlevel3_id`,
        `status`,
        `created_by`,
        `updated_by`,
        `created_at`,
        `updated_at`
    )
VALUES (
        '9af8dd31-96f0-40aa-ae8b-cde43202b665',
        '3b6412d9-66cc-477e-a65e-148524b6eeb1',
        'Kas Kecil',
        '75e7d021-6bee-4d39-b52d-125ebd501873',
        1,
        'Admin',
        NULL,
        '2024-09-11 19:35:48',
        '2024-09-26 05:52:44'
    ),
    (
        'cf427374-42f8-4a43-8610-cc775dfabac3',
        '3b6412d9-66cc-477e-a65e-148524b6eeb1',
        'Midtrans Account',
        'e213baa4-6af4-48cd-b24a-f1e3ae3c96dd',
        1,
        'Admin',
        NULL,
        '2024-09-11 19:36:13',
        '2024-09-26 05:52:44'
    ),
    (
        'e87239df-545e-4a71-9ebd-5d2333db7cd5',
        '3b6412d9-66cc-477e-a65e-148524b6eeb1',
        'Bank',
        'e213baa4-6af4-48cd-b24a-f1e3ae3c96dd',
        1,
        'Admin',
        NULL,
        '2024-09-11 19:35:59',
        '2024-09-26 05:52:44'
    );

-- Dumping structure for table db_burwood.tb_mst_coa_lv1
DROP TABLE IF EXISTS `tb_mst_coa_lv1`;

CREATE TABLE IF NOT EXISTS `tb_mst_coa_lv1` (
    `id` char(36) NOT NULL,
    `company_id` char(36) DEFAULT NULL,
    `nama` varchar(100) CHARACTER SET latin1 COLLATE latin1_swedish_ci DEFAULT NULL,
    `tipe` tinyint(4) DEFAULT NULL,
    `status` tinyint(4) DEFAULT 1,
    `created_by` varchar(100) CHARACTER SET latin1 COLLATE latin1_swedish_ci DEFAULT NULL,
    `updated_by` varchar(100) CHARACTER SET latin1 COLLATE latin1_swedish_ci DEFAULT NULL,
    `created_at` timestamp NULL DEFAULT current_timestamp(),
    `updated_at` timestamp NULL DEFAULT current_timestamp() ON UPDATE current_timestamp(),
    PRIMARY KEY (`id`) USING BTREE,
    KEY `company_id` (`company_id`)
) ENGINE = InnoDB DEFAULT CHARSET = utf8mb4 COLLATE = utf8mb4_general_ci ROW_FORMAT = DYNAMIC COMMENT = 'akun level 1';

-- Dumping data for table db_burwood.tb_mst_coa_lv1: ~5 rows (approximately)
DELETE FROM `tb_mst_coa_lv1`;

INSERT INTO
    `tb_mst_coa_lv1` (
        `id`,
        `company_id`,
        `nama`,
        `tipe`,
        `status`,
        `created_by`,
        `updated_by`,
        `created_at`,
        `updated_at`
    )
VALUES (
        '03ae3c50-8cdd-4199-aa58-ddd1027770dd',
        '3b6412d9-66cc-477e-a65e-148524b6eeb1',
        'Harta',
        1,
        1,
        'Admin',
        'Admin',
        '2024-09-11 18:07:09',
        '2024-09-26 05:52:47'
    ),
    (
        '66e01995-9b3f-468a-943c-8da2fee36297',
        '3b6412d9-66cc-477e-a65e-148524b6eeb1',
        'Modal',
        1,
        1,
        'Admin',
        'Admin',
        '2024-09-11 18:07:15',
        '2024-09-26 05:52:48'
    ),
    (
        '845304ae-8fb2-40e3-ae43-3025c87eba9b',
        '3b6412d9-66cc-477e-a65e-148524b6eeb1',
        'Beban',
        2,
        1,
        'Admin',
        NULL,
        '2024-09-11 18:17:56',
        '2024-09-26 05:52:48'
    ),
    (
        'e0fa0405-237c-4a67-a81a-046e367eaa61',
        '3b6412d9-66cc-477e-a65e-148524b6eeb1',
        'Hutang',
        1,
        1,
        'Admin',
        'Admin',
        '2024-09-11 18:07:13',
        '2024-09-26 05:52:48'
    ),
    (
        'ed1b34dc-cbff-4d50-8eb5-d1403d0af25e',
        '3b6412d9-66cc-477e-a65e-148524b6eeb1',
        'Pendapatan',
        2,
        1,
        'Admin',
        'Admin',
        '2024-09-11 18:13:16',
        '2024-09-26 05:52:49'
    );

-- Dumping structure for table db_burwood.tb_mst_coa_lv2
DROP TABLE IF EXISTS `tb_mst_coa_lv2`;

CREATE TABLE IF NOT EXISTS `tb_mst_coa_lv2` (
    `id` char(36) NOT NULL,
    `company_id` char(36) DEFAULT NULL,
    `nama` varchar(100) CHARACTER SET latin1 COLLATE latin1_swedish_ci DEFAULT NULL,
    `akunlevel1_id` char(36) NOT NULL,
    `status` tinyint(4) DEFAULT 1,
    `created_by` varchar(100) CHARACTER SET latin1 COLLATE latin1_swedish_ci DEFAULT NULL,
    `updated_by` varchar(100) CHARACTER SET latin1 COLLATE latin1_swedish_ci DEFAULT NULL,
    `created_at` timestamp NULL DEFAULT current_timestamp(),
    `updated_at` timestamp NULL DEFAULT current_timestamp() ON UPDATE current_timestamp(),
    PRIMARY KEY (`id`) USING BTREE,
    KEY `company_id` (`company_id`),
    KEY `group_id` (`akunlevel1_id`) USING BTREE
) ENGINE = InnoDB DEFAULT CHARSET = utf8mb4 COLLATE = utf8mb4_general_ci ROW_FORMAT = DYNAMIC COMMENT = 'akun level 2';

-- Dumping data for table db_burwood.tb_mst_coa_lv2: ~7 rows (approximately)
DELETE FROM `tb_mst_coa_lv2`;

INSERT INTO
    `tb_mst_coa_lv2` (
        `id`,
        `company_id`,
        `nama`,
        `akunlevel1_id`,
        `status`,
        `created_by`,
        `updated_by`,
        `created_at`,
        `updated_at`
    )
VALUES (
        '02700f05-2908-475c-8faf-d6ca7fad4c8a',
        '3b6412d9-66cc-477e-a65e-148524b6eeb1',
        'Modal Disetor',
        '66e01995-9b3f-468a-943c-8da2fee36297',
        1,
        'Admin',
        NULL,
        '2024-09-11 18:44:36',
        '2024-09-26 05:52:52'
    ),
    (
        '02be6b55-7ff4-40e2-b054-c2e2a27a41b5',
        '3b6412d9-66cc-477e-a65e-148524b6eeb1',
        'Beban Diluar Usaha',
        '845304ae-8fb2-40e3-ae43-3025c87eba9b',
        1,
        'Admin',
        NULL,
        '2024-09-11 18:46:23',
        '2024-09-26 05:52:52'
    ),
    (
        '958474d0-9df3-4113-9094-fdbc2590484d',
        '3b6412d9-66cc-477e-a65e-148524b6eeb1',
        'Harta Lancar',
        '03ae3c50-8cdd-4199-aa58-ddd1027770dd',
        1,
        'Admin',
        NULL,
        '2024-09-11 18:44:12',
        '2024-09-26 05:52:52'
    ),
    (
        'b205735c-e14a-4e09-9771-27ae2961e540',
        '3b6412d9-66cc-477e-a65e-148524b6eeb1',
        'Harta Tidak Berwujud',
        '03ae3c50-8cdd-4199-aa58-ddd1027770dd',
        1,
        'Admin',
        NULL,
        '2024-09-11 18:44:29',
        '2024-09-26 05:52:52'
    ),
    (
        'e0deac6f-7d96-4252-8d09-5f809fd43443',
        '3b6412d9-66cc-477e-a65e-148524b6eeb1',
        'Laba Tahun Berjalan',
        '66e01995-9b3f-468a-943c-8da2fee36297',
        1,
        'Admin',
        NULL,
        '2024-09-11 18:44:52',
        '2024-09-26 05:52:53'
    ),
    (
        'ece5b260-97ea-4858-ab4e-cfc059301639',
        '3b6412d9-66cc-477e-a65e-148524b6eeb1',
        'Harta Tetap',
        '03ae3c50-8cdd-4199-aa58-ddd1027770dd',
        1,
        'Admin',
        NULL,
        '2024-09-11 18:44:22',
        '2024-09-26 05:52:53'
    ),
    (
        'ecfb75c3-f1e8-4cb0-bf14-9b0a7aec938d',
        '3b6412d9-66cc-477e-a65e-148524b6eeb1',
        'Beban Usaha',
        '845304ae-8fb2-40e3-ae43-3025c87eba9b',
        1,
        'Admin',
        NULL,
        '2024-09-11 18:45:24',
        '2024-09-26 05:52:53'
    );

-- Dumping structure for table db_burwood.tb_mst_coa_lv3
DROP TABLE IF EXISTS `tb_mst_coa_lv3`;

CREATE TABLE IF NOT EXISTS `tb_mst_coa_lv3` (
    `id` char(36) NOT NULL,
    `company_id` char(36) DEFAULT NULL,
    `nama` varchar(100) CHARACTER SET latin1 COLLATE latin1_swedish_ci DEFAULT NULL,
    `akunlevel2_id` char(36) NOT NULL,
    `status` tinyint(4) DEFAULT 1,
    `created_by` varchar(100) CHARACTER SET latin1 COLLATE latin1_swedish_ci DEFAULT NULL,
    `updated_by` varchar(100) CHARACTER SET latin1 COLLATE latin1_swedish_ci DEFAULT NULL,
    `created_at` timestamp NULL DEFAULT current_timestamp(),
    `updated_at` timestamp NULL DEFAULT current_timestamp() ON UPDATE current_timestamp(),
    PRIMARY KEY (`id`) USING BTREE,
    KEY `company_id` (`company_id`),
    KEY `group_id` (`akunlevel2_id`) USING BTREE
) ENGINE = InnoDB DEFAULT CHARSET = utf8mb4 COLLATE = utf8mb4_general_ci ROW_FORMAT = DYNAMIC COMMENT = 'akun level 3';

-- Dumping data for table db_burwood.tb_mst_coa_lv3: ~4 rows (approximately)
DELETE FROM `tb_mst_coa_lv3`;

INSERT INTO
    `tb_mst_coa_lv3` (
        `id`,
        `company_id`,
        `nama`,
        `akunlevel2_id`,
        `status`,
        `created_by`,
        `updated_by`,
        `created_at`,
        `updated_at`
    )
VALUES (
        '588ddaeb-2c40-4695-aa26-867867e2055c',
        '3b6412d9-66cc-477e-a65e-148524b6eeb1',
        'Beban Operasional',
        'ecfb75c3-f1e8-4cb0-bf14-9b0a7aec938d',
        1,
        'Admin',
        NULL,
        '2024-09-11 19:09:49',
        '2024-09-26 05:52:56'
    ),
    (
        '75e7d021-6bee-4d39-b52d-125ebd501873',
        '3b6412d9-66cc-477e-a65e-148524b6eeb1',
        'Kas dan Setara Kas',
        '958474d0-9df3-4113-9094-fdbc2590484d',
        1,
        'Admin',
        NULL,
        '2024-09-11 19:09:14',
        '2024-09-26 05:52:57'
    ),
    (
        'e213baa4-6af4-48cd-b24a-f1e3ae3c96dd',
        '3b6412d9-66cc-477e-a65e-148524b6eeb1',
        'Bank',
        '958474d0-9df3-4113-9094-fdbc2590484d',
        1,
        'Admin',
        NULL,
        '2024-09-11 19:09:24',
        '2024-09-26 05:52:57'
    ),
    (
        'fce5c567-b4da-46cd-94c5-c8729d8d42e5',
        '3b6412d9-66cc-477e-a65e-148524b6eeb1',
        'Piutang Usaha',
        '958474d0-9df3-4113-9094-fdbc2590484d',
        1,
        'Admin',
        NULL,
        '2024-09-11 19:09:34',
        '2024-09-26 05:52:57'
    );

-- Dumping structure for table db_burwood.tb_mst_cos
DROP TABLE IF EXISTS `tb_mst_cos`;

CREATE TABLE IF NOT EXISTS `tb_mst_cos` (
    `id` char(36) NOT NULL,
    `company_id` char(36) DEFAULT NULL,
    `nama` varchar(100) CHARACTER SET latin1 COLLATE latin1_swedish_ci DEFAULT NULL,
    `plafond` double DEFAULT NULL,
    `balance` double DEFAULT NULL,
    `status` tinyint(4) DEFAULT 1,
    `created_by` varchar(100) CHARACTER SET latin1 COLLATE latin1_swedish_ci DEFAULT NULL,
    `updated_by` varchar(100) CHARACTER SET latin1 COLLATE latin1_swedish_ci DEFAULT NULL,
    `created_at` timestamp NULL DEFAULT current_timestamp(),
    `updated_at` timestamp NULL DEFAULT current_timestamp() ON UPDATE current_timestamp(),
    PRIMARY KEY (`id`) USING BTREE,
    KEY `company_id` (`company_id`)
) ENGINE = InnoDB DEFAULT CHARSET = utf8mb4 COLLATE = utf8mb4_general_ci ROW_FORMAT = DYNAMIC COMMENT = 'cost center';

-- Dumping data for table db_burwood.tb_mst_cos: ~2 rows (approximately)
DELETE FROM `tb_mst_cos`;

INSERT INTO
    `tb_mst_cos` (
        `id`,
        `company_id`,
        `nama`,
        `plafond`,
        `balance`,
        `status`,
        `created_by`,
        `updated_by`,
        `created_at`,
        `updated_at`
    )
VALUES (
        '61841e88-45d3-43bf-8f66-bb9adce91138',
        '3b6412d9-66cc-477e-a65e-148524b6eeb1',
        'Perlengkapan',
        1000000,
        0,
        1,
        'Admin',
        NULL,
        '2024-09-11 19:53:03',
        '2024-09-26 05:53:00'
    ),
    (
        'd9399957-a414-4b87-b4a9-2bc596f52a46',
        '3b6412d9-66cc-477e-a65e-148524b6eeb1',
        'Gaji Karyawan',
        16700000,
        0,
        1,
        'Admin',
        NULL,
        '2024-09-11 19:53:40',
        '2024-09-26 05:53:01'
    );

-- Dumping structure for table db_burwood.tb_mst_jam
DROP TABLE IF EXISTS `tb_mst_jam`;

CREATE TABLE IF NOT EXISTS `tb_mst_jam` (
    `id` char(36) NOT NULL,
    `company_id` char(36) NOT NULL,
    `jam_dari` time DEFAULT NULL,
    `jam_sampai` time DEFAULT NULL,
    `nama` varchar(30) DEFAULT NULL,
    `for_weekday` tinyint(4) DEFAULT 1,
    `for_weekend` tinyint(4) DEFAULT 1,
    `for_holiday` tinyint(4) DEFAULT 1,
    `status` tinyint(4) DEFAULT 1,
    `created_by` varchar(100) CHARACTER SET latin1 COLLATE latin1_swedish_ci DEFAULT NULL,
    `updated_by` varchar(100) CHARACTER SET latin1 COLLATE latin1_swedish_ci DEFAULT NULL,
    `created_at` timestamp NULL DEFAULT current_timestamp(),
    `updated_at` timestamp NULL DEFAULT current_timestamp() ON UPDATE current_timestamp(),
    PRIMARY KEY (`id`) USING BTREE,
    KEY `company_id` (`company_id`)
) ENGINE = InnoDB DEFAULT CHARSET = utf8mb4 COLLATE = utf8mb4_general_ci ROW_FORMAT = DYNAMIC COMMENT = 'jam operasional';

-- Dumping data for table db_burwood.tb_mst_jam: ~9 rows (approximately)
DELETE FROM `tb_mst_jam`;

INSERT INTO
    `tb_mst_jam` (
        `id`,
        `company_id`,
        `jam_dari`,
        `jam_sampai`,
        `nama`,
        `for_weekday`,
        `for_weekend`,
        `for_holiday`,
        `status`,
        `created_by`,
        `updated_by`,
        `created_at`,
        `updated_at`
    )
VALUES (
        '2c6df482-fea4-4e08-aa87-5806065871c3',
        '3b6412d9-66cc-477e-a65e-148524b6eeb1',
        '06:00:00',
        '08:00:00',
        '06:00 s/d 08:00',
        1,
        1,
        1,
        1,
        'Admin',
        NULL,
        '2024-08-26 02:06:58',
        '2024-09-26 05:53:04'
    ),
    (
        '2c6df482-fea4-4e08-aa87-5806065871c4',
        '3b6412d9-66cc-477e-a65e-148524b6eeb1',
        '08:00:00',
        '10:00:00',
        '08:00 s/d 10:00',
        1,
        1,
        1,
        1,
        'Admin',
        NULL,
        '2024-08-26 02:06:58',
        '2024-09-26 05:53:04'
    ),
    (
        '50a9f3cc-0199-4c5d-bbfb-6a17eb03a512',
        '3b6412d9-66cc-477e-a65e-148524b6eeb1',
        '10:00:00',
        '12:00:00',
        '10:00 s/d 12:00',
        1,
        1,
        1,
        1,
        'Admin',
        'Admin',
        '2024-08-10 01:49:19',
        '2024-09-26 05:53:04'
    ),
    (
        '50a9f3cc-0199-4c5d-bbfb-6a17eb03a513',
        '3b6412d9-66cc-477e-a65e-148524b6eeb1',
        '12:00:00',
        '14:00:00',
        '12:00 s/d 14:00',
        1,
        1,
        1,
        1,
        'Admin',
        'Admin',
        '2024-08-10 01:49:19',
        '2024-09-26 05:53:05'
    ),
    (
        '50a9f3cc-0199-4c5d-bbfb-6a17eb03a514',
        '3b6412d9-66cc-477e-a65e-148524b6eeb1',
        '14:00:00',
        '16:00:00',
        '14:00 s/d 16:00',
        1,
        1,
        1,
        1,
        'Admin',
        'Admin',
        '2024-08-10 01:49:19',
        '2024-09-26 05:53:05'
    ),
    (
        '50a9f3cc-0199-4c5d-bbfb-6a17eb03a515',
        '3b6412d9-66cc-477e-a65e-148524b6eeb1',
        '16:00:00',
        '18:00:00',
        '16:00 s/d 18:00',
        1,
        1,
        1,
        1,
        'Admin',
        'Admin',
        '2024-08-10 01:49:19',
        '2024-09-26 05:53:05'
    ),
    (
        '50a9f3cc-0199-4c5d-bbfb-6a17eb03a516',
        '3b6412d9-66cc-477e-a65e-148524b6eeb1',
        '18:00:00',
        '20:00:00',
        '18:00 s/d 20:00',
        1,
        1,
        1,
        1,
        'Admin',
        'Admin',
        '2024-08-10 01:49:19',
        '2024-09-26 05:53:05'
    ),
    (
        '50a9f3cc-0199-4c5d-bbfb-6a17eb03a517',
        '3b6412d9-66cc-477e-a65e-148524b6eeb1',
        '20:00:00',
        '22:00:00',
        '20:00 s/d 22:00',
        1,
        1,
        1,
        1,
        'Admin',
        'Admin',
        '2024-08-10 01:49:19',
        '2024-09-26 05:53:06'
    ),
    (
        '98334ccf-08b2-4111-9ded-119af3406f41',
        '3b6412d9-66cc-477e-a65e-148524b6eeb1',
        '04:00:00',
        '06:00:00',
        '04:00 s/d 06:00',
        1,
        0,
        0,
        1,
        'Admin',
        NULL,
        '2024-09-02 01:41:01',
        '2024-09-26 05:53:06'
    );

-- Dumping structure for table db_burwood.tb_mst_kry
DROP TABLE IF EXISTS `tb_mst_kry`;

CREATE TABLE IF NOT EXISTS `tb_mst_kry` (
    `id` char(36) NOT NULL,
    `company_id` char(36) DEFAULT NULL,
    `nama` varchar(100) CHARACTER SET latin1 COLLATE latin1_swedish_ci DEFAULT NULL,
    `kode` varchar(100) DEFAULT NULL,
    `handphone` varchar(100) DEFAULT NULL,
    `email` varchar(100) DEFAULT NULL,
    `bank` varchar(100) DEFAULT NULL,
    `nomor_rekening` varchar(100) DEFAULT NULL,
    `pemilik_rekening` varchar(100) DEFAULT NULL,
    `jabatan_id` char(36) DEFAULT NULL,
    `shift_id` char(36) DEFAULT NULL,
    `access_id` char(36) DEFAULT NULL,
    `password` varchar(100) DEFAULT NULL,
    `status` tinyint(4) DEFAULT 1,
    `created_by` varchar(100) CHARACTER SET latin1 COLLATE latin1_swedish_ci DEFAULT NULL,
    `updated_by` varchar(100) CHARACTER SET latin1 COLLATE latin1_swedish_ci DEFAULT NULL,
    `created_at` timestamp NULL DEFAULT current_timestamp(),
    `updated_at` timestamp NULL DEFAULT current_timestamp() ON UPDATE current_timestamp(),
    PRIMARY KEY (`id`) USING BTREE,
    KEY `company_id` (`company_id`) USING BTREE,
    KEY `group_id` (`jabatan_id`) USING BTREE,
    KEY `shift_id` (`shift_id`),
    KEY `user_id` (`access_id`) USING BTREE
) ENGINE = InnoDB DEFAULT CHARSET = utf8mb4 COLLATE = utf8mb4_general_ci ROW_FORMAT = DYNAMIC COMMENT = 'karyawan';

-- Dumping data for table db_burwood.tb_mst_kry: ~1 rows (approximately)
DELETE FROM `tb_mst_kry`;

INSERT INTO
    `tb_mst_kry` (
        `id`,
        `company_id`,
        `nama`,
        `kode`,
        `handphone`,
        `email`,
        `bank`,
        `nomor_rekening`,
        `pemilik_rekening`,
        `jabatan_id`,
        `shift_id`,
        `access_id`,
        `password`,
        `status`,
        `created_by`,
        `updated_by`,
        `created_at`,
        `updated_at`
    )
VALUES (
        '1be441b6-477c-4bba-b26a-507ccb5bafc4',
        '3b6412d9-66cc-477e-a65e-148524b6eeb1',
        'Andi Praseno',
        '2233d3',
        '089501555155',
        'andipraseno@gmail.com',
        'BNP',
        '092939388',
        'LIANITA',
        '15e1ea14-0c00-4acb-825c-9f35e05b911d',
        '15e1ea14-0c00-4acb-825c-9f35e05b911d',
        '8ffa0f7f-bab1-4cce-a497-47fcd3918ff9',
        '123',
        1,
        NULL,
        NULL,
        '2024-09-06 00:40:16',
        '2024-09-26 05:41:41'
    );

-- Dumping structure for table db_burwood.tb_mst_kry_jbt
DROP TABLE IF EXISTS `tb_mst_kry_jbt`;

CREATE TABLE IF NOT EXISTS `tb_mst_kry_jbt` (
    `id` char(36) NOT NULL,
    `company_id` char(36) DEFAULT NULL,
    `nama` varchar(100) CHARACTER SET latin1 COLLATE latin1_swedish_ci DEFAULT NULL,
    `status` tinyint(4) DEFAULT 1,
    `created_by` varchar(100) CHARACTER SET latin1 COLLATE latin1_swedish_ci DEFAULT NULL,
    `updated_by` varchar(100) CHARACTER SET latin1 COLLATE latin1_swedish_ci DEFAULT NULL,
    `created_at` timestamp NULL DEFAULT current_timestamp(),
    `updated_at` timestamp NULL DEFAULT current_timestamp() ON UPDATE current_timestamp(),
    PRIMARY KEY (`id`) USING BTREE,
    KEY `company_id` (`company_id`) USING BTREE
) ENGINE = InnoDB DEFAULT CHARSET = utf8mb4 COLLATE = utf8mb4_general_ci ROW_FORMAT = DYNAMIC COMMENT = 'jabatan karyawan';

-- Dumping data for table db_burwood.tb_mst_kry_jbt: ~4 rows (approximately)
DELETE FROM `tb_mst_kry_jbt`;

INSERT INTO
    `tb_mst_kry_jbt` (
        `id`,
        `company_id`,
        `nama`,
        `status`,
        `created_by`,
        `updated_by`,
        `created_at`,
        `updated_at`
    )
VALUES (
        '15e1ea14-0c00-4acb-825c-9f35e05b911d',
        '3b6412d9-66cc-477e-a65e-148524b6eeb1',
        'Admin',
        1,
        'Admin',
        NULL,
        '2024-09-05 23:10:57',
        '2024-09-26 05:53:16'
    ),
    (
        '84f8b72f-b1af-44ad-a88e-cff5c6060cc6',
        '3b6412d9-66cc-477e-a65e-148524b6eeb1',
        'Janitor',
        1,
        'Admin',
        NULL,
        '2024-09-05 23:32:28',
        '2024-09-26 05:53:17'
    ),
    (
        'c7c489bc-c473-4a88-a785-c16d313d5bcc',
        '3b6412d9-66cc-477e-a65e-148524b6eeb1',
        'Satpam',
        1,
        'Admin',
        NULL,
        '2024-09-05 23:11:02',
        '2024-09-26 05:53:17'
    ),
    (
        'f7a73ac9-6d30-4713-ba1a-db2b8a708f50',
        '3b6412d9-66cc-477e-a65e-148524b6eeb1',
        'Ballboy',
        1,
        'Admin',
        NULL,
        '2024-09-05 23:10:51',
        '2024-09-26 05:53:17'
    );

-- Dumping structure for table db_burwood.tb_mst_plt
DROP TABLE IF EXISTS `tb_mst_plt`;

CREATE TABLE IF NOT EXISTS `tb_mst_plt` (
    `id` char(36) NOT NULL,
    `company_id` char(36) DEFAULT NULL,
    `nama` varchar(100) CHARACTER SET latin1 COLLATE latin1_swedish_ci DEFAULT NULL,
    `alias` varchar(100) DEFAULT NULL,
    `kode` varchar(100) DEFAULT NULL,
    `handphone` varchar(100) DEFAULT NULL,
    `email` varchar(100) DEFAULT NULL,
    `share_persen` double DEFAULT NULL,
    `bank` varchar(100) DEFAULT NULL,
    `nomor_rekening` varchar(100) DEFAULT NULL,
    `pemilik_rekening` varchar(100) DEFAULT NULL,
    `status` tinyint(4) DEFAULT 1,
    `created_by` varchar(100) CHARACTER SET latin1 COLLATE latin1_swedish_ci DEFAULT NULL,
    `updated_by` varchar(100) CHARACTER SET latin1 COLLATE latin1_swedish_ci DEFAULT NULL,
    `created_at` timestamp NULL DEFAULT current_timestamp(),
    `updated_at` timestamp NULL DEFAULT current_timestamp() ON UPDATE current_timestamp(),
    PRIMARY KEY (`id`) USING BTREE,
    KEY `company_id` (`company_id`) USING BTREE
) ENGINE = InnoDB DEFAULT CHARSET = utf8mb4 COLLATE = utf8mb4_general_ci ROW_FORMAT = DYNAMIC COMMENT = 'pelatih';

-- Dumping data for table db_burwood.tb_mst_plt: ~1 rows (approximately)
DELETE FROM `tb_mst_plt`;

INSERT INTO
    `tb_mst_plt` (
        `id`,
        `company_id`,
        `nama`,
        `alias`,
        `kode`,
        `handphone`,
        `email`,
        `share_persen`,
        `bank`,
        `nomor_rekening`,
        `pemilik_rekening`,
        `status`,
        `created_by`,
        `updated_by`,
        `created_at`,
        `updated_at`
    )
VALUES (
        'a6208cea-538d-4682-9254-b6284fbefaf1',
        '3b6412d9-66cc-477e-a65e-148524b6eeb1',
        'RISMA',
        'RSM',
        'RIS0192',
        '089182834747',
        'RISMA@GMAIL.COM',
        30,
        'BCA',
        '253656544655',
        'RISMA HANDAYANI',
        1,
        NULL,
        NULL,
        '2024-09-06 01:03:51',
        '2024-09-26 00:10:34'
    );

-- Dumping structure for table db_burwood.tb_mst_prd
DROP TABLE IF EXISTS `tb_mst_prd`;

CREATE TABLE IF NOT EXISTS `tb_mst_prd` (
    `id` char(36) NOT NULL,
    `company_id` char(36) DEFAULT NULL,
    `nama` varchar(100) CHARACTER SET latin1 COLLATE latin1_swedish_ci DEFAULT NULL,
    `kode` varchar(100) DEFAULT NULL,
    `satuan` varchar(100) DEFAULT NULL,
    `komoditas_harga_beli` double DEFAULT NULL,
    `komoditas_hpp` double DEFAULT NULL,
    `komoditas_harga_jual` double DEFAULT NULL,
    `perlengkapan_persen_awal` double DEFAULT NULL,
    `perlengkapan_persen_akhir` double DEFAULT NULL,
    `perlengkapan_harga` double DEFAULT NULL,
    `fasilitas_tarif` double DEFAULT NULL,
    `peralatan_tgl_garansi_dari` datetime DEFAULT NULL,
    `peralatan_tgl_garansi_sampai` datetime DEFAULT NULL,
    `asset_tgl_garansi_dari` datetime DEFAULT NULL,
    `asset_tgl_garansi_sampai` datetime DEFAULT NULL,
    `asset_depresiasi_bulan` bigint(20) DEFAULT NULL,
    `asset_depresiasi_start_bulan` bigint(20) DEFAULT NULL,
    `asset_depresiasi_start_tahun` bigint(20) DEFAULT NULL,
    `asset_depresiasi_value` bigint(20) DEFAULT NULL,
    `stok` double DEFAULT NULL,
    `hpp` double DEFAULT NULL,
    `group_id` char(36) DEFAULT NULL,
    `status` tinyint(4) DEFAULT 1,
    `created_by` varchar(100) CHARACTER SET latin1 COLLATE latin1_swedish_ci DEFAULT NULL,
    `updated_by` varchar(100) CHARACTER SET latin1 COLLATE latin1_swedish_ci DEFAULT NULL,
    `created_at` timestamp NULL DEFAULT current_timestamp(),
    `updated_at` timestamp NULL DEFAULT current_timestamp() ON UPDATE current_timestamp(),
    PRIMARY KEY (`id`) USING BTREE,
    KEY `company_id` (`company_id`) USING BTREE,
    KEY `group_id` (`group_id`)
) ENGINE = InnoDB DEFAULT CHARSET = utf8mb4 COLLATE = utf8mb4_general_ci ROW_FORMAT = DYNAMIC COMMENT = 'group produk';

-- Dumping data for table db_burwood.tb_mst_prd: ~11 rows (approximately)
DELETE FROM `tb_mst_prd`;

INSERT INTO
    `tb_mst_prd` (
        `id`,
        `company_id`,
        `nama`,
        `kode`,
        `satuan`,
        `komoditas_harga_beli`,
        `komoditas_hpp`,
        `komoditas_harga_jual`,
        `perlengkapan_persen_awal`,
        `perlengkapan_persen_akhir`,
        `perlengkapan_harga`,
        `fasilitas_tarif`,
        `peralatan_tgl_garansi_dari`,
        `peralatan_tgl_garansi_sampai`,
        `asset_tgl_garansi_dari`,
        `asset_tgl_garansi_sampai`,
        `asset_depresiasi_bulan`,
        `asset_depresiasi_start_bulan`,
        `asset_depresiasi_start_tahun`,
        `asset_depresiasi_value`,
        `stok`,
        `hpp`,
        `group_id`,
        `status`,
        `created_by`,
        `updated_by`,
        `created_at`,
        `updated_at`
    )
VALUES (
        '15e11268-9bdd-4b34-8d09-3e8eecdb8614',
        '3b6412d9-66cc-477e-a65e-148524b6eeb1',
        'Aqua 500ml',
        '93848548548',
        'BTL',
        NULL,
        NULL,
        NULL,
        NULL,
        NULL,
        NULL,
        NULL,
        NULL,
        NULL,
        NULL,
        NULL,
        NULL,
        NULL,
        NULL,
        NULL,
        NULL,
        NULL,
        'c30d717b-b43a-44f6-90bd-ea85a0c165f4',
        1,
        NULL,
        NULL,
        '2024-09-10 14:44:52',
        '2024-09-26 05:53:25'
    ),
    (
        '1d5eec81-480d-4322-89df-77b90a0ea921',
        '3b6412d9-66cc-477e-a65e-148524b6eeb1',
        'MOBIL AVANZA D 2237 AF',
        '82883777',
        'UNIT',
        NULL,
        NULL,
        NULL,
        NULL,
        NULL,
        NULL,
        NULL,
        NULL,
        NULL,
        '2024-04-20 00:00:00',
        '2024-04-20 00:00:00',
        96,
        10,
        2024,
        2062500,
        1,
        198000000,
        '2d37b872-5623-4465-ae3e-9becd665823d',
        1,
        NULL,
        NULL,
        '2024-09-10 04:31:38',
        '2024-09-26 05:53:25'
    ),
    (
        '5b41c9a9-691a-4387-9056-305a4e64823a',
        '3b6412d9-66cc-477e-a65e-148524b6eeb1',
        'PELATIH',
        '88293888',
        'SESI',
        NULL,
        NULL,
        NULL,
        NULL,
        NULL,
        NULL,
        275000,
        NULL,
        NULL,
        NULL,
        NULL,
        NULL,
        NULL,
        NULL,
        NULL,
        NULL,
        NULL,
        '00ffc0eb-a294-479b-a1fb-dea5f69af9fb',
        1,
        NULL,
        NULL,
        '2024-09-09 19:12:55',
        '2024-09-26 05:53:25'
    ),
    (
        '776d6c14-d58b-4c06-8afc-a31f2309282c',
        '3b6412d9-66cc-477e-a65e-148524b6eeb1',
        'INDOMIE GORENG 200GR',
        '999388',
        'PCS',
        2400,
        2380,
        3000,
        NULL,
        NULL,
        NULL,
        NULL,
        NULL,
        NULL,
        NULL,
        NULL,
        NULL,
        NULL,
        NULL,
        NULL,
        80,
        NULL,
        'c30d717b-b43a-44f6-90bd-ea85a0c165f4',
        1,
        NULL,
        NULL,
        '2024-09-09 19:11:41',
        '2024-09-26 05:53:25'
    ),
    (
        '7e5b3d85-cf6a-487d-91dd-caf0081b0ddc',
        '3b6412d9-66cc-477e-a65e-148524b6eeb1',
        'SABUN MANDI KM2',
        'kdjfj',
        '-',
        NULL,
        NULL,
        NULL,
        NULL,
        NULL,
        NULL,
        NULL,
        NULL,
        NULL,
        NULL,
        NULL,
        NULL,
        NULL,
        NULL,
        NULL,
        NULL,
        NULL,
        'a4c711b5-d99b-4158-8a97-0ec95d2bd04e',
        1,
        NULL,
        NULL,
        '2024-09-10 00:12:59',
        '2024-09-26 05:53:26'
    ),
    (
        '987a6165-e183-44fd-b45e-94032e1205aa',
        '3b6412d9-66cc-477e-a65e-148524b6eeb1',
        'Sabun Mandi KM-1',
        'SK01092',
        'AVG',
        NULL,
        NULL,
        NULL,
        100,
        50,
        11000,
        NULL,
        NULL,
        NULL,
        NULL,
        NULL,
        NULL,
        NULL,
        NULL,
        NULL,
        1,
        NULL,
        'a4c711b5-d99b-4158-8a97-0ec95d2bd04e',
        1,
        NULL,
        NULL,
        '2024-09-09 20:45:17',
        '2024-09-26 05:53:26'
    ),
    (
        'a734df0a-0499-49c4-bdac-f6988f77e37a',
        '3b6412d9-66cc-477e-a65e-148524b6eeb1',
        'YAKULT',
        '99838388',
        'PACK',
        10000,
        10500,
        12000,
        NULL,
        NULL,
        NULL,
        NULL,
        NULL,
        NULL,
        NULL,
        NULL,
        NULL,
        NULL,
        NULL,
        NULL,
        100,
        NULL,
        'c30d717b-b43a-44f6-90bd-ea85a0c165f4',
        1,
        NULL,
        NULL,
        '2024-09-09 19:35:20',
        '2024-09-26 05:53:26'
    ),
    (
        'ac856e4d-6123-4464-948b-564b0f6250e3',
        '3b6412d9-66cc-477e-a65e-148524b6eeb1',
        'BALL BOY',
        '2938848',
        'SESI',
        NULL,
        NULL,
        NULL,
        NULL,
        NULL,
        NULL,
        25000,
        NULL,
        NULL,
        NULL,
        NULL,
        NULL,
        NULL,
        NULL,
        NULL,
        NULL,
        NULL,
        '00ffc0eb-a294-479b-a1fb-dea5f69af9fb',
        1,
        NULL,
        NULL,
        '2024-09-09 19:13:09',
        '2024-09-26 05:53:26'
    ),
    (
        'bcc21eef-8b39-4f57-a6f7-eb1259c5e550',
        '3b6412d9-66cc-477e-a65e-148524b6eeb1',
        'TABLET SAMSUNG A9',
        'AA22D3',
        'UNIT',
        NULL,
        NULL,
        NULL,
        NULL,
        NULL,
        NULL,
        NULL,
        '2024-09-01 00:00:00',
        '2024-09-30 00:00:00',
        NULL,
        NULL,
        NULL,
        NULL,
        NULL,
        NULL,
        1,
        3850000,
        '200ca81b-4027-462b-8d88-d1c205618da2',
        1,
        NULL,
        NULL,
        '2024-09-05 23:49:37',
        '2024-09-26 05:53:27'
    ),
    (
        'f7b84ae9-a8d5-49eb-a1e4-23eacea0c913',
        '3b6412d9-66cc-477e-a65e-148524b6eeb1',
        'MESIN FAKUM CLEANER',
        'OODKFJJ',
        'UNIT',
        NULL,
        NULL,
        NULL,
        NULL,
        NULL,
        NULL,
        NULL,
        '2024-09-01 00:00:00',
        '2024-12-31 00:00:00',
        NULL,
        NULL,
        NULL,
        NULL,
        NULL,
        NULL,
        1,
        1150000,
        '200ca81b-4027-462b-8d88-d1c205618da2',
        1,
        NULL,
        NULL,
        '2024-09-06 00:01:47',
        '2024-09-26 05:53:28'
    ),
    (
        'ff56d7e7-447d-4bae-8a34-88092f316161',
        '3b6412d9-66cc-477e-a65e-148524b6eeb1',
        'Shuttlecock',
        '293948848488',
        'PCS',
        0,
        0,
        11000,
        NULL,
        NULL,
        NULL,
        NULL,
        NULL,
        NULL,
        NULL,
        NULL,
        NULL,
        NULL,
        NULL,
        NULL,
        100,
        NULL,
        'c30d717b-b43a-44f6-90bd-ea85a0c165f4',
        1,
        NULL,
        NULL,
        '2024-09-11 21:05:15',
        '2024-09-26 05:53:29'
    );

-- Dumping structure for table db_burwood.tb_mst_prd_grp
DROP TABLE IF EXISTS `tb_mst_prd_grp`;

CREATE TABLE IF NOT EXISTS `tb_mst_prd_grp` (
    `id` char(36) NOT NULL,
    `company_id` char(36) DEFAULT NULL,
    `nama` varchar(100) CHARACTER SET latin1 COLLATE latin1_swedish_ci DEFAULT NULL,
    `status` tinyint(4) DEFAULT 1,
    `created_by` varchar(100) CHARACTER SET latin1 COLLATE latin1_swedish_ci DEFAULT NULL,
    `updated_by` varchar(100) CHARACTER SET latin1 COLLATE latin1_swedish_ci DEFAULT NULL,
    `created_at` timestamp NULL DEFAULT current_timestamp(),
    `updated_at` timestamp NULL DEFAULT current_timestamp() ON UPDATE current_timestamp(),
    PRIMARY KEY (`id`) USING BTREE,
    KEY `company_id` (`company_id`) USING BTREE
) ENGINE = InnoDB DEFAULT CHARSET = utf8mb4 COLLATE = utf8mb4_general_ci ROW_FORMAT = DYNAMIC COMMENT = 'group produk';

-- Dumping data for table db_burwood.tb_mst_prd_grp: ~5 rows (approximately)
DELETE FROM `tb_mst_prd_grp`;

INSERT INTO
    `tb_mst_prd_grp` (
        `id`,
        `company_id`,
        `nama`,
        `status`,
        `created_by`,
        `updated_by`,
        `created_at`,
        `updated_at`
    )
VALUES (
        '00ffc0eb-a294-479b-a1fb-dea5f69af9fb',
        '3b6412d9-66cc-477e-a65e-148524b6eeb1',
        'Jasa',
        1,
        'Johan',
        NULL,
        '2024-09-05 21:26:05',
        '2024-09-26 05:53:32'
    ),
    (
        '200ca81b-4027-462b-8d88-d1c205618da2',
        '3b6412d9-66cc-477e-a65e-148524b6eeb1',
        'Peralatan',
        1,
        'Admin',
        NULL,
        '2024-09-05 21:28:46',
        '2024-09-26 05:53:32'
    ),
    (
        '2d37b872-5623-4465-ae3e-9becd665823d',
        '3b6412d9-66cc-477e-a65e-148524b6eeb1',
        'Asset',
        1,
        'Admin',
        NULL,
        '2024-09-05 21:28:34',
        '2024-09-26 05:53:33'
    ),
    (
        'a4c711b5-d99b-4158-8a97-0ec95d2bd04e',
        '3b6412d9-66cc-477e-a65e-148524b6eeb1',
        'Perlengkapan',
        1,
        'Admin',
        NULL,
        '2024-09-05 21:28:42',
        '2024-09-26 05:53:33'
    ),
    (
        'c30d717b-b43a-44f6-90bd-ea85a0c165f4',
        '3b6412d9-66cc-477e-a65e-148524b6eeb1',
        'Barang',
        1,
        'Johan',
        NULL,
        '2024-09-05 21:27:31',
        '2024-09-26 05:53:33'
    );

-- Dumping structure for table db_burwood.tb_mst_shf
DROP TABLE IF EXISTS `tb_mst_shf`;

CREATE TABLE IF NOT EXISTS `tb_mst_shf` (
    `id` char(36) NOT NULL,
    `company_id` char(36) DEFAULT NULL,
    `nama` varchar(100) CHARACTER SET latin1 COLLATE latin1_swedish_ci DEFAULT NULL,
    `keterangan` varchar(100) DEFAULT NULL,
    `status` tinyint(4) DEFAULT 1,
    `created_by` varchar(100) CHARACTER SET latin1 COLLATE latin1_swedish_ci DEFAULT NULL,
    `updated_by` varchar(100) CHARACTER SET latin1 COLLATE latin1_swedish_ci DEFAULT NULL,
    `created_at` timestamp NULL DEFAULT current_timestamp(),
    `updated_at` timestamp NULL DEFAULT current_timestamp() ON UPDATE current_timestamp(),
    PRIMARY KEY (`id`) USING BTREE,
    KEY `company_id` (`company_id`) USING BTREE
) ENGINE = InnoDB DEFAULT CHARSET = utf8mb4 COLLATE = utf8mb4_general_ci ROW_FORMAT = DYNAMIC COMMENT = 'shift';

-- Dumping data for table db_burwood.tb_mst_shf: ~3 rows (approximately)
DELETE FROM `tb_mst_shf`;

INSERT INTO
    `tb_mst_shf` (
        `id`,
        `company_id`,
        `nama`,
        `keterangan`,
        `status`,
        `created_by`,
        `updated_by`,
        `created_at`,
        `updated_at`
    )
VALUES (
        '15e1ea14-0c00-4acb-825c-9f35e05b911d',
        '3b6412d9-66cc-477e-a65e-148524b6eeb1',
        'Non Shift',
        '08:00 s/d 16:00',
        1,
        'Admin',
        NULL,
        '2024-09-05 23:10:57',
        '2024-09-26 05:53:36'
    ),
    (
        '84f8b72f-b1af-44ad-a88e-cff5c6060cc6',
        '3b6412d9-66cc-477e-a65e-148524b6eeb1',
        'Shift 1',
        '06:00 s/d 14:00',
        1,
        'Admin',
        NULL,
        '2024-09-05 23:32:28',
        '2024-09-26 05:53:36'
    ),
    (
        'c7c489bc-c473-4a88-a785-c16d313d5bcc',
        '3b6412d9-66cc-477e-a65e-148524b6eeb1',
        'Shift 2',
        '14:00 s/d 22:00',
        1,
        'Admin',
        NULL,
        '2024-09-05 23:11:02',
        '2024-09-26 05:53:37'
    );

-- Dumping structure for table db_burwood.tb_mst_spt
DROP TABLE IF EXISTS `tb_mst_spt`;

CREATE TABLE IF NOT EXISTS `tb_mst_spt` (
    `id` char(36) NOT NULL,
    `nama` varchar(100) CHARACTER SET latin1 COLLATE latin1_swedish_ci DEFAULT NULL,
    `tarif_weekday` double DEFAULT NULL,
    `tarif_weekend` double DEFAULT NULL,
    `tarif_holiday` double DEFAULT NULL,
    `group_id` char(36) NOT NULL,
    `status` tinyint(4) DEFAULT 1,
    `created_by` varchar(100) CHARACTER SET latin1 COLLATE latin1_swedish_ci DEFAULT NULL,
    `updated_by` varchar(100) CHARACTER SET latin1 COLLATE latin1_swedish_ci DEFAULT NULL,
    `created_at` timestamp NULL DEFAULT current_timestamp(),
    `updated_at` timestamp NULL DEFAULT current_timestamp() ON UPDATE current_timestamp(),
    PRIMARY KEY (`id`) USING BTREE,
    KEY `group_id` (`group_id`)
) ENGINE = InnoDB DEFAULT CHARSET = utf8mb4 COLLATE = utf8mb4_general_ci ROW_FORMAT = DYNAMIC COMMENT = 'spot';

-- Dumping data for table db_burwood.tb_mst_spt: ~8 rows (approximately)
DELETE FROM `tb_mst_spt`;

INSERT INTO
    `tb_mst_spt` (
        `id`,
        `nama`,
        `tarif_weekday`,
        `tarif_weekend`,
        `tarif_holiday`,
        `group_id`,
        `status`,
        `created_by`,
        `updated_by`,
        `created_at`,
        `updated_at`
    )
VALUES (
        '2c6df482-fea4-4e08-aa87-5806065871c3',
        'Futsal 1',
        80000,
        120000,
        120000,
        '2c6df482-fea4-4e08-aa87-5806065871c3',
        1,
        'Admin',
        NULL,
        '2024-08-26 02:06:58',
        '2024-08-28 06:06:46'
    ),
    (
        '2c6df482-fea4-4e08-aa87-5806065871c4',
        'Futsal 2',
        80000,
        120000,
        120000,
        '2c6df482-fea4-4e08-aa87-5806065871c3',
        1,
        'Admin',
        NULL,
        '2024-08-26 02:06:58',
        '2024-08-28 06:06:47'
    ),
    (
        '50a9f3cc-0199-4c5d-bbfb-6a17eb03a512',
        'Tennis 1',
        150000,
        180000,
        180000,
        '50a9f3cc-0199-4c5d-bbfb-6a17eb03a512',
        1,
        'Admin',
        'Admin',
        '2024-08-10 01:49:19',
        '2024-09-01 22:05:59'
    ),
    (
        '50a9f3cc-0199-4c5d-bbfb-6a17eb03a513',
        'Tennis 2',
        150000,
        180000,
        180000,
        '50a9f3cc-0199-4c5d-bbfb-6a17eb03a512',
        1,
        'Admin',
        'Admin',
        '2024-08-10 01:49:19',
        '2024-08-28 06:14:37'
    ),
    (
        '50a9f3cc-0199-4c5d-bbfb-6a17eb03a514',
        'Tennis 3',
        150000,
        180000,
        180000,
        '50a9f3cc-0199-4c5d-bbfb-6a17eb03a512',
        1,
        'Admin',
        'Admin',
        '2024-08-10 01:49:19',
        '2024-08-28 06:14:38'
    ),
    (
        '791c566e-8ea9-4ce5-8358-2d4b987fbe12',
        'Futsal 3',
        50000,
        30000,
        55000,
        '2c6df482-fea4-4e08-aa87-5806065871c3',
        1,
        'Admin',
        NULL,
        '2024-09-10 21:45:38',
        '2024-09-10 21:45:38'
    ),
    (
        '8012ce38-4155-4baf-a5e7-fee2fb769a57',
        'Futsal 1',
        80000,
        120000,
        120000,
        '2c6df482-fea4-4e08-aa87-5806065871c3',
        1,
        'Admin',
        NULL,
        '2024-09-10 21:36:58',
        '2024-09-10 21:36:58'
    ),
    (
        'd6855312-9c5a-427c-b322-ca3a298b8924',
        'Futsal 4',
        50000,
        30000,
        55000,
        '2c6df482-fea4-4e08-aa87-5806065871c3',
        1,
        'Admin',
        'Admin',
        '2024-09-10 21:45:53',
        '2024-09-10 21:49:40'
    );

-- Dumping structure for table db_burwood.tb_mst_spt_grp
DROP TABLE IF EXISTS `tb_mst_spt_grp`;

CREATE TABLE IF NOT EXISTS `tb_mst_spt_grp` (
    `id` char(36) NOT NULL,
    `company_id` char(36) DEFAULT NULL,
    `nama` varchar(100) CHARACTER SET latin1 COLLATE latin1_swedish_ci DEFAULT NULL,
    `fasilitas_pelatih` tinyint(4) DEFAULT NULL,
    `fasilitas_ballboy` tinyint(4) DEFAULT NULL,
    `status` tinyint(4) DEFAULT 1,
    `created_by` varchar(100) CHARACTER SET latin1 COLLATE latin1_swedish_ci DEFAULT NULL,
    `updated_by` varchar(100) CHARACTER SET latin1 COLLATE latin1_swedish_ci DEFAULT NULL,
    `created_at` timestamp NULL DEFAULT current_timestamp(),
    `updated_at` timestamp NULL DEFAULT current_timestamp() ON UPDATE current_timestamp(),
    PRIMARY KEY (`id`) USING BTREE,
    KEY `company_id` (`company_id`)
) ENGINE = InnoDB DEFAULT CHARSET = utf8mb4 COLLATE = utf8mb4_general_ci ROW_FORMAT = DYNAMIC COMMENT = 'group spot';

-- Dumping data for table db_burwood.tb_mst_spt_grp: ~6 rows (approximately)
DELETE FROM `tb_mst_spt_grp`;

INSERT INTO
    `tb_mst_spt_grp` (
        `id`,
        `company_id`,
        `nama`,
        `fasilitas_pelatih`,
        `fasilitas_ballboy`,
        `status`,
        `created_by`,
        `updated_by`,
        `created_at`,
        `updated_at`
    )
VALUES (
        '2c6df482-fea4-4e08-aa87-5806065871c3',
        '3b6412d9-66cc-477e-a65e-148524b6eeb1',
        'Futsal',
        0,
        0,
        1,
        'Admin',
        NULL,
        '2024-08-26 02:06:58',
        '2024-09-26 05:53:43'
    ),
    (
        '34be9e97-3d17-4644-8ec7-be8fae88ee6e',
        '3b6412d9-66cc-477e-a65e-148524b6eeb1',
        'BASKET',
        0,
        0,
        0,
        'Andi',
        'Andi',
        '2024-09-13 20:33:36',
        '2024-09-26 05:53:43'
    ),
    (
        '50a9f3cc-0199-4c5d-bbfb-6a17eb03a512',
        '3b6412d9-66cc-477e-a65e-148524b6eeb1',
        'Tennis',
        1,
        1,
        1,
        'Admin',
        'Admin',
        '2024-08-10 01:49:19',
        '2024-09-26 05:53:44'
    ),
    (
        'b2b4c9e4-6e65-430f-adae-abbb3548b7ba',
        '3b6412d9-66cc-477e-a65e-148524b6eeb1',
        'Badminton',
        1,
        0,
        1,
        'Admin',
        NULL,
        '2024-09-05 02:04:20',
        '2024-09-26 05:53:44'
    ),
    (
        'b80ecdbf-efa2-476e-91b9-61f7f6c1b1bb',
        '3b6412d9-66cc-477e-a65e-148524b6eeb1',
        'Volley',
        1,
        0,
        1,
        'Admin',
        NULL,
        '2024-09-05 02:04:15',
        '2024-09-26 05:53:44'
    ),
    (
        'cd6c8d63-d206-4582-8f81-62f6b616be55',
        '3b6412d9-66cc-477e-a65e-148524b6eeb1',
        'Padel',
        1,
        0,
        1,
        'Admin',
        NULL,
        '2024-09-05 02:04:23',
        '2024-09-26 05:53:45'
    );

-- Dumping structure for table db_burwood.tb_mst_spt_grp_img
DROP TABLE IF EXISTS `tb_mst_spt_grp_img`;

CREATE TABLE IF NOT EXISTS `tb_mst_spt_grp_img` (
    `id` char(36) NOT NULL,
    `group_id` char(36) DEFAULT NULL,
    `image` varchar(100) CHARACTER SET latin1 COLLATE latin1_swedish_ci DEFAULT NULL,
    `created_by` varchar(100) CHARACTER SET latin1 COLLATE latin1_swedish_ci DEFAULT NULL,
    `updated_by` varchar(100) CHARACTER SET latin1 COLLATE latin1_swedish_ci DEFAULT NULL,
    `created_at` timestamp NULL DEFAULT current_timestamp(),
    `updated_at` timestamp NULL DEFAULT current_timestamp() ON UPDATE current_timestamp(),
    PRIMARY KEY (`id`) USING BTREE,
    KEY `company_id` (`group_id`) USING BTREE
) ENGINE = InnoDB DEFAULT CHARSET = utf8mb4 COLLATE = utf8mb4_general_ci ROW_FORMAT = DYNAMIC COMMENT = 'group spot';

-- Dumping data for table db_burwood.tb_mst_spt_grp_img: ~5 rows (approximately)
DELETE FROM `tb_mst_spt_grp_img`;

INSERT INTO
    `tb_mst_spt_grp_img` (
        `id`,
        `group_id`,
        `image`,
        `created_by`,
        `updated_by`,
        `created_at`,
        `updated_at`
    )
VALUES (
        '09e1522c-c931-4ef7-a127-e9c03262d023',
        'b2b4c9e4-6e65-430f-adae-abbb3548b7ba',
        '09e1522c-c931-4ef7-a127-e9c03262d023.jpg',
        'Andi',
        'Andi',
        '2024-09-13 20:54:48',
        '2024-09-13 20:54:48'
    ),
    (
        '1c914b06-3916-4f50-b724-94b715001889',
        '50a9f3cc-0199-4c5d-bbfb-6a17eb03a512',
        '1c914b06-3916-4f50-b724-94b715001889.jpg',
        'Andi',
        'Andi',
        '2024-09-13 20:43:16',
        '2024-09-13 20:43:16'
    ),
    (
        '66111d3f-23df-4b32-8788-39596c4c92a7',
        'b80ecdbf-efa2-476e-91b9-61f7f6c1b1bb',
        '66111d3f-23df-4b32-8788-39596c4c92a7.jpg',
        'Andi',
        'Andi',
        '2024-09-13 20:49:19',
        '2024-09-13 20:49:19'
    ),
    (
        'ad03beb4-e70a-46e1-8c5b-cd830bff63da',
        '2c6df482-fea4-4e08-aa87-5806065871c3',
        'ad03beb4-e70a-46e1-8c5b-cd830bff63da.jpg',
        'Andi',
        'Andi',
        '2024-09-13 20:55:37',
        '2024-09-13 20:55:37'
    ),
    (
        'bd3a256e-179c-4eb9-ac31-bb8a4f813807',
        'cd6c8d63-d206-4582-8f81-62f6b616be55',
        'bd3a256e-179c-4eb9-ac31-bb8a4f813807.jpg',
        'Andi',
        'Andi',
        '2024-09-13 20:41:10',
        '2024-09-13 20:41:10'
    );

-- Dumping structure for table db_burwood.tb_mst_spt_img
DROP TABLE IF EXISTS `tb_mst_spt_img`;

CREATE TABLE IF NOT EXISTS `tb_mst_spt_img` (
    `id` char(36) NOT NULL,
    `spot_id` char(36) DEFAULT NULL,
    `image` varchar(100) CHARACTER SET latin1 COLLATE latin1_swedish_ci DEFAULT NULL,
    `created_by` varchar(100) CHARACTER SET latin1 COLLATE latin1_swedish_ci DEFAULT NULL,
    `updated_by` varchar(100) CHARACTER SET latin1 COLLATE latin1_swedish_ci DEFAULT NULL,
    `created_at` timestamp NULL DEFAULT current_timestamp(),
    `updated_at` timestamp NULL DEFAULT current_timestamp() ON UPDATE current_timestamp(),
    PRIMARY KEY (`id`) USING BTREE,
    KEY `company_id` (`spot_id`) USING BTREE
) ENGINE = InnoDB DEFAULT CHARSET = utf8mb4 COLLATE = utf8mb4_general_ci ROW_FORMAT = DYNAMIC COMMENT = 'group spot';

-- Dumping data for table db_burwood.tb_mst_spt_img: ~6 rows (approximately)
DELETE FROM `tb_mst_spt_img`;

INSERT INTO
    `tb_mst_spt_img` (
        `id`,
        `spot_id`,
        `image`,
        `created_by`,
        `updated_by`,
        `created_at`,
        `updated_at`
    )
VALUES (
        '419255d2-53ff-4418-904a-dfdc5c09de2a',
        '2c6df482-fea4-4e08-aa87-5806065871c3',
        '419255d2-53ff-4418-904a-dfdc5c09de2a.jpg',
        'Admin',
        'Admin',
        '2024-09-10 20:22:40',
        '2024-09-10 20:22:40'
    ),
    (
        '4c965b2d-94f6-4f67-acba-ad77b58eafb3',
        '2c6df482-fea4-4e08-aa87-5806065871c3',
        '4c965b2d-94f6-4f67-acba-ad77b58eafb3.jpg',
        'Admin',
        'Admin',
        '2024-09-10 19:56:30',
        '2024-09-10 19:56:30'
    ),
    (
        '6bb9d1c0-66f8-4746-ba1f-5d0c05a40d45',
        '2c6df482-fea4-4e08-aa87-5806065871c3',
        '6bb9d1c0-66f8-4746-ba1f-5d0c05a40d45.jpg',
        'Admin',
        'Admin',
        '2024-09-10 20:08:02',
        '2024-09-10 20:08:02'
    ),
    (
        '9a8a225a-04df-4b18-bd35-ebd3cb734c8f',
        '2c6df482-fea4-4e08-aa87-5806065871c3',
        '9a8a225a-04df-4b18-bd35-ebd3cb734c8f.jpg',
        'Admin',
        'Admin',
        '2024-09-10 19:57:21',
        '2024-09-10 19:57:21'
    ),
    (
        'bcb842b3-6b76-4d88-8b88-64687c965b07',
        '2c6df482-fea4-4e08-aa87-5806065871c3',
        'bcb842b3-6b76-4d88-8b88-64687c965b07.jpg',
        'Admin',
        'Admin',
        '2024-09-10 19:58:48',
        '2024-09-10 19:58:48'
    ),
    (
        'c7845da6-dfd4-41ae-9cf8-9fb4a76a7c20',
        'd6855312-9c5a-427c-b322-ca3a298b8924',
        'c7845da6-dfd4-41ae-9cf8-9fb4a76a7c20.jpg',
        'Admin',
        'Admin',
        '2024-09-10 21:54:22',
        '2024-09-10 21:54:22'
    );

-- Dumping structure for table db_burwood.tb_web_fas
DROP TABLE IF EXISTS `tb_web_fas`;

CREATE TABLE IF NOT EXISTS `tb_web_fas` (
    `id` char(36) NOT NULL,
    `company_id` char(36) DEFAULT NULL,
    `lang` varchar(3) DEFAULT NULL,
    `title` varchar(200) DEFAULT NULL,
    `desc` varchar(200) DEFAULT NULL,
    `created_by` varchar(100) CHARACTER SET latin1 COLLATE latin1_swedish_ci DEFAULT NULL,
    `updated_by` varchar(100) CHARACTER SET latin1 COLLATE latin1_swedish_ci DEFAULT NULL,
    `created_at` timestamp NULL DEFAULT current_timestamp(),
    `updated_at` timestamp NULL DEFAULT current_timestamp() ON UPDATE current_timestamp(),
    PRIMARY KEY (`id`) USING BTREE,
    KEY `company_id` (`company_id`) USING BTREE,
    KEY `lang` (`lang`) USING BTREE
) ENGINE = InnoDB DEFAULT CHARSET = utf8mb4 COLLATE = utf8mb4_general_ci ROW_FORMAT = DYNAMIC COMMENT = 'compro';

-- Dumping data for table db_burwood.tb_web_fas: ~1 rows (approximately)
DELETE FROM `tb_web_fas`;

INSERT INTO
    `tb_web_fas` (
        `id`,
        `company_id`,
        `lang`,
        `title`,
        `desc`,
        `created_by`,
        `updated_by`,
        `created_at`,
        `updated_at`
    )
VALUES (
        '1b0b1d8e-a796-4b4c-a774-e4ad950a6bba',
        '3b6412d9-66cc-477e-a65e-148524b6eeb1',
        NULL,
        'Fasilitas',
        'tempat olahraga ternyaman dengan fasilitas lengkap',
        'Admin',
        NULL,
        '2024-09-09 17:42:56',
        '2024-09-26 05:53:54'
    );

-- Dumping structure for table db_burwood.tb_web_fas_dtl
DROP TABLE IF EXISTS `tb_web_fas_dtl`;

CREATE TABLE IF NOT EXISTS `tb_web_fas_dtl` (
    `id` char(36) NOT NULL,
    `company_id` char(36) DEFAULT NULL,
    `image` varchar(100) CHARACTER SET latin1 COLLATE latin1_swedish_ci DEFAULT NULL,
    `nama` varchar(100) DEFAULT NULL,
    `desc` text DEFAULT NULL,
    `status` tinyint(4) DEFAULT 1,
    `created_by` varchar(100) CHARACTER SET latin1 COLLATE latin1_swedish_ci DEFAULT NULL,
    `updated_by` varchar(100) CHARACTER SET latin1 COLLATE latin1_swedish_ci DEFAULT NULL,
    `created_at` timestamp NULL DEFAULT current_timestamp(),
    `updated_at` timestamp NULL DEFAULT current_timestamp() ON UPDATE current_timestamp(),
    PRIMARY KEY (`id`) USING BTREE,
    KEY `company_id` (`company_id`) USING BTREE
) ENGINE = InnoDB DEFAULT CHARSET = utf8mb4 COLLATE = utf8mb4_general_ci ROW_FORMAT = DYNAMIC COMMENT = 'fasilitas';

-- Dumping data for table db_burwood.tb_web_fas_dtl: ~10 rows (approximately)
DELETE FROM `tb_web_fas_dtl`;

INSERT INTO
    `tb_web_fas_dtl` (
        `id`,
        `company_id`,
        `image`,
        `nama`,
        `desc`,
        `status`,
        `created_by`,
        `updated_by`,
        `created_at`,
        `updated_at`
    )
VALUES (
        '1ce09892-f5cf-4f4f-894b-fb543f1fcb47',
        '3b6412d9-66cc-477e-a65e-148524b6eeb1',
        '1ce09892-f5cf-4f4f-894b-fb543f1fcb47.jpg',
        'Fasilitas Penerangan',
        'Menyediakan penerangan yang sangat baik untuk anda berolahraga malam hari.',
        1,
        'Admin',
        'Admin',
        '2024-09-09 17:53:24',
        '2024-09-26 05:53:58'
    ),
    (
        '2a2c43f0-399b-4f9b-be20-b1e3f4200776',
        '3b6412d9-66cc-477e-a65e-148524b6eeb1',
        '2a2c43f0-399b-4f9b-be20-b1e3f4200776.jpeg',
        'Area Parkir',
        'Area parkir yang luas. keamanan kendaraan terjamin. sehingga anda dapat berolahraga dengan tenang.',
        1,
        'Admin',
        'Admin',
        '2024-09-09 17:49:16',
        '2024-09-26 05:53:58'
    ),
    (
        '31008b5c-4453-4348-952c-234937fa9dbb',
        '3b6412d9-66cc-477e-a65e-148524b6eeb1',
        '31008b5c-4453-4348-952c-234937fa9dbb.jpg',
        'WIFI',
        'Fasilitas WIFI gratis selama anda berolahraga di area kami. Mendengarkan music online sambil joging, dll.',
        1,
        'Admin',
        'Admin',
        '2024-09-09 17:49:38',
        '2024-09-26 05:53:58'
    ),
    (
        '577c8823-3110-41f7-a468-15f00a86f9ff',
        '3b6412d9-66cc-477e-a65e-148524b6eeb1',
        '577c8823-3110-41f7-a468-15f00a86f9ff.jpg',
        'Lapangan Tenis',
        'lapangan baru yang dikemas dengan standar modern yang akan menghadirkan pengalaman dalam berolahraga anda.',
        1,
        'Admin',
        'Admin',
        '2024-09-09 15:25:29',
        '2024-09-26 05:53:59'
    ),
    (
        '5cbd40b8-6dfe-423f-a4d2-5b92e8a2f542',
        '3b6412d9-66cc-477e-a65e-148524b6eeb1',
        '5cbd40b8-6dfe-423f-a4d2-5b92e8a2f542.jpg',
        'Lapangan Futsal',
        'Bermain bersama tim anda dengan kenyamanan dan suasana yang asri dan sejuk.',
        1,
        'Admin',
        'Admin',
        '2024-09-09 15:25:43',
        '2024-09-26 05:53:59'
    ),
    (
        '66d34071-13ec-4259-b25d-45e533608550',
        '3b6412d9-66cc-477e-a65e-148524b6eeb1',
        '66d34071-13ec-4259-b25d-45e533608550.png',
        'Fasilitas untuk Disabilitas',
        'Memudahkan penyandang disabilitas untuk mengakses area olahraga.',
        1,
        'Admin',
        'Admin',
        '2024-09-09 17:53:13',
        '2024-09-26 05:53:59'
    ),
    (
        '7f13de2c-b9a6-4a9d-8390-aa0216233faf',
        '3b6412d9-66cc-477e-a65e-148524b6eeb1',
        '7f13de2c-b9a6-4a9d-8390-aa0216233faf.png',
        'Keamanan',
        'Petugas keamanan yang ramah dan sopan. Siap sedia membantu memberikan informasi dan pelayanan yang terbaik.',
        1,
        'Admin',
        'Admin',
        '2024-09-09 17:49:26',
        '2024-09-26 05:54:00'
    ),
    (
        '841423e7-3ec6-4e8d-8f95-34c369f5bba7',
        '3b6412d9-66cc-477e-a65e-148524b6eeb1',
        '841423e7-3ec6-4e8d-8f95-34c369f5bba7.jpg',
        'Joging Tract',
        'Anda dapat melakukan pemanasan terlebih dahulu sebelum berolahraga. Dengan kesejukan udara di luar ruangan dan tract yang bersih dan jauh dari kebisingan kota.',
        1,
        'Admin',
        'Admin',
        '2024-09-09 17:48:35',
        '2024-09-26 05:54:00'
    ),
    (
        'b330cad9-8aad-4815-ac84-dfe24afbdca5',
        '3b6412d9-66cc-477e-a65e-148524b6eeb1',
        'b330cad9-8aad-4815-ac84-dfe24afbdca5.jpg',
        'Swalayan Minuman dan Makanan',
        'Melayani kebutuhan konsumsi anda selama berolahraga. Anda dapat membeli di fending machine yang kami sediakan.',
        1,
        'Admin',
        'Admin',
        '2024-09-09 17:49:50',
        '2024-09-26 05:54:00'
    ),
    (
        'ef4e2996-6d1f-44a8-97f0-4981416696f0',
        '3b6412d9-66cc-477e-a65e-148524b6eeb1',
        'ef4e2996-6d1f-44a8-97f0-4981416696f0.jpg',
        'Toilet dan Ruang Ganti',
        'Toilet yang bersih, aman dan nyaman mendukung anda dalam beraktifitas olahraga.',
        1,
        'Admin',
        'Admin',
        '2024-09-09 17:49:03',
        '2024-09-26 05:54:00'
    );

-- Dumping structure for table db_burwood.tb_web_loc
DROP TABLE IF EXISTS `tb_web_loc`;

CREATE TABLE IF NOT EXISTS `tb_web_loc` (
    `id` char(36) NOT NULL,
    `company_id` char(36) DEFAULT NULL,
    `latitude` varchar(100) DEFAULT NULL,
    `longitude` varchar(100) DEFAULT NULL,
    `api_key` varchar(100) DEFAULT NULL,
    `created_by` varchar(100) CHARACTER SET latin1 COLLATE latin1_swedish_ci DEFAULT NULL,
    `updated_by` varchar(100) CHARACTER SET latin1 COLLATE latin1_swedish_ci DEFAULT NULL,
    `created_at` timestamp NULL DEFAULT current_timestamp(),
    `updated_at` timestamp NULL DEFAULT current_timestamp() ON UPDATE current_timestamp(),
    PRIMARY KEY (`id`) USING BTREE,
    KEY `company_id` (`company_id`) USING BTREE
) ENGINE = InnoDB DEFAULT CHARSET = utf8mb4 COLLATE = utf8mb4_general_ci ROW_FORMAT = DYNAMIC COMMENT = 'sosial media';

-- Dumping data for table db_burwood.tb_web_loc: ~1 rows (approximately)
DELETE FROM `tb_web_loc`;

INSERT INTO
    `tb_web_loc` (
        `id`,
        `company_id`,
        `latitude`,
        `longitude`,
        `api_key`,
        `created_by`,
        `updated_by`,
        `created_at`,
        `updated_at`
    )
VALUES (
        '3869cd1f-8db8-4606-a5a9-97d2f1d3bb05',
        '3b6412d9-66cc-477e-a65e-148524b6eeb1',
        '-',
        '-',
        '-',
        'Admin',
        NULL,
        '2024-09-06 16:20:31',
        '2024-09-26 05:54:11'
    );

-- Dumping structure for table db_burwood.tb_web_pro
DROP TABLE IF EXISTS `tb_web_pro`;

CREATE TABLE IF NOT EXISTS `tb_web_pro` (
    `id` char(36) NOT NULL,
    `company_id` char(36) DEFAULT NULL,
    `lang` varchar(3) DEFAULT NULL,
    `title` varchar(200) CHARACTER SET latin1 COLLATE latin1_swedish_ci DEFAULT NULL,
    `desc` varchar(200) DEFAULT NULL,
    `button` varchar(40) DEFAULT NULL,
    `created_by` varchar(100) CHARACTER SET latin1 COLLATE latin1_swedish_ci DEFAULT NULL,
    `updated_by` varchar(100) CHARACTER SET latin1 COLLATE latin1_swedish_ci DEFAULT NULL,
    `created_at` timestamp NULL DEFAULT current_timestamp(),
    `updated_at` timestamp NULL DEFAULT current_timestamp() ON UPDATE current_timestamp(),
    PRIMARY KEY (`id`) USING BTREE,
    KEY `company_id` (`company_id`) USING BTREE,
    KEY `lang` (`lang`)
) ENGINE = InnoDB DEFAULT CHARSET = utf8mb4 COLLATE = utf8mb4_general_ci ROW_FORMAT = DYNAMIC COMMENT = 'compro';

-- Dumping data for table db_burwood.tb_web_pro: ~1 rows (approximately)
DELETE FROM `tb_web_pro`;

INSERT INTO
    `tb_web_pro` (
        `id`,
        `company_id`,
        `lang`,
        `title`,
        `desc`,
        `button`,
        `created_by`,
        `updated_by`,
        `created_at`,
        `updated_at`
    )
VALUES (
        '8f3e91a5-8db8-4a0a-b499-97cad6891a78',
        '3b6412d9-66cc-477e-a65e-148524b6eeb1',
        'IND',
        'Burwood Sports Club',
        'fasilitas lengkap penunjang kegiatan olahraga anda',
        'Booking Sekarang!',
        'Admin',
        'Andi',
        '2024-09-06 01:17:59',
        '2024-09-26 05:54:14'
    );

-- Dumping structure for table db_burwood.tb_web_smd
DROP TABLE IF EXISTS `tb_web_smd`;

CREATE TABLE IF NOT EXISTS `tb_web_smd` (
    `id` char(36) NOT NULL,
    `company_id` char(36) DEFAULT NULL,
    `instagram` varchar(100) DEFAULT NULL,
    `twitter` varchar(100) DEFAULT NULL,
    `facebook` varchar(100) DEFAULT NULL,
    `created_by` varchar(100) CHARACTER SET latin1 COLLATE latin1_swedish_ci DEFAULT NULL,
    `updated_by` varchar(100) CHARACTER SET latin1 COLLATE latin1_swedish_ci DEFAULT NULL,
    `created_at` timestamp NULL DEFAULT current_timestamp(),
    `updated_at` timestamp NULL DEFAULT current_timestamp() ON UPDATE current_timestamp(),
    PRIMARY KEY (`id`) USING BTREE,
    KEY `company_id` (`company_id`) USING BTREE
) ENGINE = InnoDB DEFAULT CHARSET = utf8mb4 COLLATE = utf8mb4_general_ci ROW_FORMAT = DYNAMIC COMMENT = 'sosial media';

-- Dumping data for table db_burwood.tb_web_smd: ~1 rows (approximately)
DELETE FROM `tb_web_smd`;

INSERT INTO
    `tb_web_smd` (
        `id`,
        `company_id`,
        `instagram`,
        `twitter`,
        `facebook`,
        `created_by`,
        `updated_by`,
        `created_at`,
        `updated_at`
    )
VALUES (
        '5002dd9c-8248-4e68-bb98-f34720a71418',
        '3b6412d9-66cc-477e-a65e-148524b6eeb1',
        '-',
        '-',
        '-',
        'Admin',
        NULL,
        '2024-09-06 16:20:14',
        '2024-09-26 05:54:18'
    );

/*!40103 SET TIME_ZONE=IFNULL(@OLD_TIME_ZONE, 'system') */
;
/*!40101 SET SQL_MODE=IFNULL(@OLD_SQL_MODE, '') */
;
/*!40014 SET FOREIGN_KEY_CHECKS=IFNULL(@OLD_FOREIGN_KEY_CHECKS, 1) */
;
/*!40101 SET CHARACTER_SET_CLIENT=@OLD_CHARACTER_SET_CLIENT */
;
/*!40111 SET SQL_NOTES=IFNULL(@OLD_SQL_NOTES, 1) */
;